national_id,name,role,status,hourly_cost_ils,min_monthly_hours,max_monthly_hours,d01,d02,d03,d04,d05,d06,d07,d08,d09,d10,d11,d12,d13,d14,d15,d16,d17,d18,d19,d20,d21,d22,d23,d24,d25,d26,d27,d28,d29,d30,d31
000010009,Noa Levi,General Guard,Inactive,40.00,80,180,,,,,,,,,,B,,,,,B,,,,,,AB,,,C,,,,,,,
000010017,Avi Azulay,Supervisor,Inactive,41.00,80,180,,,,,,,,A,,,,,,,,BC,,A,,,,,,,B,,C,,,,
000010025,Dana Regev,Screener,Inactive,42.00,80,180,,B,,C,,,,,,,,,,,,,,,AC,AC,,,,,,,,,,,
000010033,Yossi Cohen,General Guard,Inactive,43.00,80,180,,,,,,,,,,,,,,,,,,,A,,,AC,,,,,,,,,
000010041,Tal Katz,Supervisor,Inactive,44.00,80,180,,,,,,,,,,,,,,,,,,B,,,,,,AC,,,,,,,
000010058,Omer Biton,Screener,Inactive,45.00,80,180,,,,,,,,,,,,,,,,,AB,,B,,,,,,,,,,AC,,
000010066,Maya Mizrahi,General Guard,Inactive,46.00,80,180,,,,,,,,AB,,,,,,,,,,,,,,,,,,B,,,,,
000010074,Roi Amar,Supervisor,Inactive,47.00,80,180,,,,AC,,,,,,,,,,,,,AB,,,,,A,,,C,,,,B,AC,
000010082,Shira Twito,Screener,Inactive,48.00,80,180,,,,,,,,,,,,,,AC,,,AC,B,,,,,,,,,,,,,
000010090,Eitan Peretz,General Guard,Inactive,49.00,80,180,A,,,,,,,,,,AC,,,,,,,B,AB,,AB,,,,,,AB,,,,
000010108,Noa Levi,Supervisor,Inactive,50.00,80,180,,,,BC,,,AC,,,BC,,,,,,,,,,,,,,,,,,,,,
000010116,Avi Azulay,Screener,Inactive,51.00,80,180,,,,,,,,BC,,,C,,,,,,,,,AB,,,,,,AC,BC,,,,C
000010124,Dana Regev,General Guard,Inactive,52.00,80,180,B,,,,B,,,,,C,,,,,,AC,,,AB,,,,,,,,,,,,
000010132,Yossi Cohen,Supervisor,Inactive,53.00,80,180,,C,,,,,,,,,,,,,,,,,,,,,,,,,,BC,,,
000010140,Tal Katz,Screener,Inactive,54.00,80,180,AB,,,,,A,,,,,,,,,,,,,,,,,,,,,,,,,
000010157,Omer Biton,General Guard,Inactive,55.00,80,180,,,,,C,,,,,,,B,,,,,,,BC,,,,AC,,,,,,,,
000010165,Maya Mizrahi,Supervisor,Inactive,56.00,80,180,,,,,,,,,,,,B,,,,,,,A,,,,,,,,,,,,
000010173,Roi Amar,Screener,Inactive,57.00,80,180,,,AC,AB,,,,,,,,,,,,,AC,,,BC,B,,,,,,,,,B,
000010181,Shira Twito,General Guard,Inactive,58.00,80,180,,,,,C,,,,,,,,,,,AC,A,,,,,BC,,,,,BC,,,,
000010199,Eitan Peretz,Supervisor,Inactive,59.00,80,180,B,,,,,,,AB,,,AC,,,,,,B,,,,,,,,,,,,B,,
000010207,Noa Levi,Screener,Inactive,60.00,80,180,,,,,,A,,,,,,AC,,,,,,,,,,,,,,AC,,A,,BC,
000010215,Avi Azulay,General Guard,Inactive,61.00,80,180,,,,,,,,,C,,,,C,A,,,,AC,,,,,AC,,,,AC,,,,
000010223,Dana Regev,Supervisor,Inactive,62.00,80,180,,,,,,,AB,,,,,,,,,,,,,,,,,,,,,B,,,
000010231,Yossi Cohen,Screener,Inactive,63.00,80,180,,,,,A,,,,,,,,,BC,,A,,,,,,,,,,,,,,,
000010249,Tal Katz,General Guard,Inactive,64.00,80,180,,,,,,C,,C,,,,,A,,,B,,,,,,,,,A,,,,AB,,
000010256,Omer Biton,Supervisor,Inactive,65.00,80,180,,,C,,,,,,C,,,,,,,,,,BC,,,,,,,,,,,,
000010264,Maya Mizrahi,Screener,Inactive,66.00,80,180,,,,,,,C,,C,,AB,,B,,,,,BC,,C,,,,,,,,,,,
000010272,Roi Amar,General Guard,Inactive,67.00,80,180,,,,,,,,,,,,,,,,,,,,BC,,,,C,,,,,,,
000010280,Shira Twito,Supervisor,Inactive,68.00,80,180,,,,,,,A,,,,AC,,,,,,,,,,A,,,,,,BC,A,,A,
000010298,Eitan Peretz,Screener,Inactive,69.00,80,180,,,,,,BC,,,AC,,,,,,,,,BC,,,AB,,AC,,,,,,,,
000010306,Noa Levi,General Guard,Inactive,40.00,80,180,,,,,,,,,,AB,,AB,,,,,,B,,,,,AB,,,,,,,,
000010314,Avi Azulay,Supervisor,Inactive,41.00,80,180,,,,,B,,,C,,,,,,,,,,,,,,B,,,,,,,,,
000010322,Dana Regev,Screener,Inactive,42.00,80,180,,,,,,C,,C,,,,,,,,,,,,,,,,,,,,,,,
000010330,Yossi Cohen,General Guard,Inactive,43.00,80,180,,AB,,,AB,,,,,A,,,,,,,,,,,BC,,,,,,,,,,
000010348,Tal Katz,Supervisor,Inactive,44.00,80,180,,,,,AC,,,,,,,,,,,,,,,,A,,,,A,C,,,C,,A
000010355,Omer Biton,Screener,Inactive,45.00,80,180,,A,,,C,B,,BC,,,,,,,,,,BC,,,,,,,,,,AC,,,
000010363,Maya Mizrahi,General Guard,Inactive,46.00,80,180,,,C,,,,BC,,,,,,,,,,,,,,,,,,,,,,,,
000010371,Roi Amar,Supervisor,Inactive,47.00,80,180,C,,,,,,,AC,,A,,,,,,,,,A,,,,,C,B,,,,,,
000010389,Shira Twito,Screener,Inactive,48.00,80,180,,,,AC,,,,,,,,,,,,,,BC,,,,,AB,,,,,,,AC,
000010397,Eitan Peretz,General Guard,Inactive,49.00,80,180,,,,C,,,,AC,,AB,,,AC,,,AB,,,,,,,,,C,,,,,,
000010405,Noa Levi,Supervisor,Inactive,50.00,80,180,,,,,,,,,,,AB,,A,,,,AC,,,,,BC,,,A,,,,,,
000010413,Avi Azulay,Screener,Inactive,51.00,80,180,C,,,,,,,,,,,C,,,,AC,,,,,,BC,,,,,,,,AB,
000010421,Dana Regev,General Guard,Inactive,52.00,80,180,,,,A,,,,,,,,,AB,,AC,,,,,A,,,,,,BC,,,,,C
000010439,Yossi Cohen,Supervisor,Inactive,53.00,80,180,,,C,,,,,,,,,,,,,,,,,,A,,,,,C,AB,B,B,,
000010447,Tal Katz,Screener,Inactive,54.00,80,180,,,,,,,,,,C,,,AB,BC,,A,,,,,,BC,,,,,,,,,
000010454,Omer Biton,General Guard,Inactive,55.00,80,180,,,,,,,,BC,A,,,,,,,,,,,,,,,C,,,,,,,
000010462,Maya Mizrahi,Supervisor,Inactive,56.00,80,180,,,,,C,,B,,,,,,,,,,,,,,,B,C,,,,,,,,
000010470,Roi Amar,Screener,Inactive,57.00,80,180,C,,,A,,,,,,AB,,B,,,,,,,,,,A,,,,,,AB,,,
000010488,Shira Twito,General Guard,Inactive,58.00,80,180,,,,,,,B,,,,,,,,,,,,,,C,,,,AB,,,B,BC,,AB
000010496,Eitan Peretz,Supervisor,Inactive,59.00,80,180,,AB,,,,,,C,,,,,,,,,,,,,,A,,,,,,,,,
000010504,Noa Levi,Screener,Inactive,60.00,80,180,,,,,,BC,AB,,,,AB,,,,,,,,C,,,,,,,,,,,,AC
000010512,Avi Azulay,General Guard,Inactive,61.00,80,180,,,,,,AC,,,,,,,,,,,,,,,A,,,,,,,,,,
000010520,Dana Regev,Supervisor,Inactive,62.00,80,180,,,AC,,,,,,,,,,,,,,,,,,,,,,A,,BC,,,B,
000010538,Yossi Cohen,Screener,Inactive,63.00,80,180,,,,A,AC,,,,,,,,,,AC,,,,,A,,,,,,,,,C,B,
000010546,Tal Katz,General Guard,Inactive,64.00,80,180,,,A,,,,,AB,,,,B,,,,,,,,,,,,,AC,AC,,,AC,,
000010553,Omer Biton,Supervisor,Inactive,65.00,80,180,,,B,B,,,,,,,,,,,,,AB,,,,AC,,,,,,,,,,
000010561,Maya Mizrahi,Screener,Inactive,66.00,80,180,,,,,,,,A,AC,,,,,,,A,,,,,,,,,,,,,,,
000010579,Roi Amar,General Guard,Inactive,67.00,80,180,,,,B,,,,,A,,,,,B,B,,,,,,,,,,,C,,,,,
000010587,Shira Twito,Supervisor,Inactive,68.00,80,180,,,AB,,,,,,,,AB,,,,,,,A,,,,,,,,,,,,,
000010595,Eitan Peretz,Screener,Inactive,69.00,80,180,,,,,,,,,,,,,,A,AC,,,,,A,,,,,,,,BC,,,
000010603,Noa Levi,General Guard,Inactive,40.00,80,180,,BC,,,,,,,,,,,,,,,,,,,,,,,,,,AB,,,
000010611,Avi Azulay,Supervisor,Inactive,41.00,80,180,,A,,,,,,,,,,,,BC,,,,,,,,,,,,,,,,,AC
000010629,Dana Regev,Screener,Inactive,42.00,80,180,,BC,,,,,,,,,,,,,,,,C,,,,,B,,A,AC,,,BC,,
000010637,Yossi Cohen,General Guard,Inactive,43.00,80,180,,,,,,A,,,BC,,,,BC,,,,A,,,,,,,,B,,,,,AB,
000010645,Tal Katz,Supervisor,Inactive,44.00,80,180,,,,,,,,,,,,,,,,,,,,AB,,,AC,,,,,,,,
000010652,Omer Biton,Screener,Inactive,45.00,80,180,,,BC,,,B,,,,,,,,,,,C,,C,,,,,,,,,,,,
000010660,Maya Mizrahi,General Guard,Inactive,46.00,80,180,,,,,,BC,,,AC,,,,,,,,,,,,,,AC,,,,,,,,
000010678,Roi Amar,Supervisor,Inactive,47.00,80,180,,,,,,,,,,,,,,,,,,,,,,C,,A,,,,,,,
000010686,Shira Twito,Screener,Inactive,48.00,80,180,,,,A,,,,,,,,AB,,,,,AB,,AB,,,,,,,,,,,,
000010694,Eitan Peretz,General Guard,Inactive,49.00,80,180,,,,C,,C,,,,,,,,,,,,,BC,,,,,,,,A,,,,
000010702,Noa Levi,Supervisor,Inactive,50.00,80,180,,,,,,,,,,A,,,B,,,,,,,A,,,,,C,,,,B,,
000010710,Avi Azulay,Screener,Inactive,51.00,80,180,,,,,,,,,,,,C,,,,,,,,,,,,,,,,,,,C
000010728,Dana Regev,General Guard,Inactive,52.00,80,180,,,,,,,,,,B,,,,BC,,,,,,,,,,,,,,,,,
000010736,Yossi Cohen,Supervisor,Inactive,53.00,80,180,,,BC,,,AC,,,B,,,,AC,,,,,,,,,,,,,,,,AC,,
000010744,Tal Katz,Screener,Inactive,54.00,80,180,A,,B,,,,,,,,,,,,,,,,,,,,,,,,,B,AB,,
000010751,Omer Biton,General Guard,Inactive,55.00,80,180,,,BC,,,A,BC,AC,,,,,,,,,,,,,,,,,,AC,,,,,
000010769,Maya Mizrahi,Supervisor,Inactive,56.00,80,180,,,,,A,,,,,,,A,,,,,,,,,,,,C,,,C,,,,
000010777,Roi Amar,Screener,Inactive,57.00,80,180,A,,,,,,,BC,,,,,,,,,,,,,C,,A,,,,,,,C,
000010785,Shira Twito,General Guard,Inactive,58.00,80,180,,,,,,,,,,,,,BC,,,,,,,,,,B,,,,,,,,
000010793,Eitan Peretz,Supervisor,Inactive,59.00,80,180,,,,BC,C,,,,,,,,,,,,,,,,,,,,,,C,,,,
000010801,Noa Levi,Screener,Inactive,60.00,80,180,,,,,,,,,,,,,,,,,,,C,,,B,,,,A,,,BC,,
000010819,Avi Azulay,General Guard,Inactive,61.00,80,180,,,BC,,BC,,,,,,,,,,,,,,C,,,B,,,,,,BC,,,
000010827,Dana Regev,Supervisor,Inactive,62.00,80,180,A,,,,,AC,,,,,,,,,,,,,,,AB,,,,,,,,,,
000010835,Yossi Cohen,Screener,Inactive,63.00,80,180,,,,,AC,,,,,,,,,,,,,AB,,,,,,,,,,,B,,
000010843,Tal Katz,General Guard,Inactive,64.00,80,180,,A,A,,,,,AB,,,AC,,,,,,,,,,,,AC,,,,,,,,C
000010850,Omer Biton,Supervisor,Inactive,65.00,80,180,,,,,,B,,,,,,,,,,,,,,,,,,,,,,,,,AC
000010868,Maya Mizrahi,Screener,Inactive,66.00,80,180,,,,,,,,,,,,,,,,,,C,,,,,,,,,,B,,,
000010876,Roi Amar,General Guard,Inactive,67.00,80,180,C,,,,,,,,,,,,,,,,,,,,,C,,,,,,B,,,
000010884,Shira Twito,Supervisor,Inactive,68.00,80,180,,,,,,,,,AB,,,,,,,,,,B,,,,,,,,,,,,
000010892,Eitan Peretz,Screener,Inactive,69.00,80,180,,,,,,,,,,,,,,,,,,,,,,,,C,,A,,,C,,
000010900,Noa Levi,General Guard,Inactive,40.00,80,180,,,,B,,BC,,,,,,,,,,,,,,,,,,,,,,A,AC,,
000010918,Avi Azulay,Supervisor,Inactive,41.00,80,180,,,,AC,,,,,,,,,,C,,BC,C,,,,,,,,,,,,,,
000010926,Dana Regev,Screener,Inactive,42.00,80,180,AC,,,,,,,B,,,,,,,,,,,,,,,,,,,,,,,
000010934,Yossi Cohen,General Guard,Inactive,43.00,80,180,,,BC,,,,,,,,,,,,,,,,,,,,,,AB,,,,,,
000010942,Tal Katz,Supervisor,Inactive,44.00,80,180,B,,,,,,,,,,,,,,,,,AC,,,,,,,,,,,,,
000010959,Omer Biton,Screener,Inactive,45.00,80,180,,,,,,,,AC,,C,,,,,,,,,,,AB,,,,,,,,,,
000010967,Maya Mizrahi,General Guard,Inactive,46.00,80,180,,,,,,,,,,,,,A,,,,,,,,,,,,,,AC,,A,,
000010975,Roi Amar,Supervisor,Inactive,47.00,80,180,AB,,,,,AB,,,,,,,,,,,,,,,B,C,,,,,,,,,
000010983,Shira Twito,Screener,Inactive,48.00,80,180,,AB,AC,,,,,,,BC,,B,C,,,,,,,,,,,,,,,,,,
000010991,Eitan Peretz,General Guard,Inactive,49.00,80,180,,,,,A,,A,,,,AB,,,,,AB,,,,,,,BC,,,,,,B,,
000011007,Noa Levi,Supervisor,Inactive,50.00,80,180,,B,,,,,,,,,,,,,,,,,,,,,,,,,,,,,B
000011015,Avi Azulay,Screener,Inactive,51.00,80,180,,,,,,AC,,,A,,,,,,,,C,,,,,,,,,,,,,,
000011023,Dana Regev,General Guard,Inactive,52.00,80,180,,,,AB,,,,,,,,,,,,,,,,,,,,,,,,,,BC,B
000011031,Yossi Cohen,Supervisor,Inactive,53.00,80,180,,,,,AC,,,BC,,A,,,,,,,,,,,,,C,,,,,,,,
000011049,Tal Katz,Screener,Inactive,54.00,80,180,,,,,,,,,,,,,B,BC,,,,B,,,,,C,,,,,,,,
000011056,Omer Biton,General Guard,Inactive,55.00,80,180,,,,,,,,,,,,,,,,,,B,,,,,,,,AC,,,,,
000011064,Maya Mizrahi,Supervisor,Inactive,56.00,80,180,,A,,BC,,,,,AB,,,,,,,,,,,,,,,,,,,,,A,
000011072,Roi Amar,Screener,Inactive,57.00,80,180,,,,,,,,,,,,,,,B,,,,AC,,BC,,,,,,AC,,,AB,
000011080,Shira Twito,General Guard,Inactive,58.00,80,180,,,,,,,,BC,,,,,,,,C,,BC,,,,AC,,,,B,,B,,,
000011098,Eitan Peretz,Supervisor,Inactive,59.00,80,180,,,,,,,,AC,AB,,,,,,,,,,,,,,,,,,,,,BC,
000011106,Noa Levi,Screener,Inactive,60.00,80,180,,AB,,,,,,,,,,A,,,,,BC,,,,,,C,,,,AC,,,,
000011114,Avi Azulay,General Guard,Inactive,61.00,80,180,,,,,,,C,,,,,,,,A,,,,,,AC,B,,,,,,B,,,
000011122,Dana Regev,Supervisor,Inactive,62.00,80,180,,,,,,,,,,,C,,,,,,,BC,,,,,,,,,,,,,
000011130,Yossi Cohen,Screener,Inactive,63.00,80,180,,,,,,,,,,,,,,,,,,,,,,,BC,BC,,,,AB,,,
000011148,Tal Katz,General Guard,Inactive,64.00,80,180,,,,,,,,,C,,,,,AB,,,,,,,,,,,,,,,,,
000011155,Omer Biton,Supervisor,Inactive,65.00,80,180,,,,,,,,,,BC,AC,,,,,,,,,,,C,,,,,,,,,
000011163,Maya Mizrahi,Screener,Inactive,66.00,80,180,C,,,,,,,,,,,,,,,A,,,,,,,,,,,,,,,
000011171,Roi Amar,General Guard,Inactive,67.00,80,180,,,AB,,BC,C,,,,,,AB,,,,,,,,,,,,,,,BC,,,,
000011189,Shira Twito,Supervisor,Inactive,68.00,80,180,,BC,,,,,,,,,,,,,,B,,,BC,,,,,,AB,,,,,C,
000011197,Eitan Peretz,Screener,Inactive,69.00,80,180,B,,,,,,,,,,,,,,,,,AC,,,,,,,,,,BC,,,
000011205,Noa Levi,General Guard,Inactive,40.00,80,180,,,,,,,AC,,,,,,,,AC,,,,,,,,,,,,,,,,
000011213,Avi Azulay,Supervisor,Inactive,41.00,80,180,C,,,AC,AC,,,,,,,BC,,,,,,,,B,,,,,,,,,,,A
000011221,Dana Regev,Screener,Inactive,42.00,80,180,,,,,,A,,,,,B,,,,A,,,,BC,,,,,,AC,,,,AC,,
000011239,Yossi Cohen,General Guard,Inactive,43.00,80,180,,,,,,,,,,,,,,,,,,,,,,,,,B,,,,AB,,
000011247,Tal Katz,Supervisor,Inactive,44.00,80,180,,AB,,,,,,,,BC,,AC,AC,,,,C,,,AC,,,,,,,,,,,
000011254,Omer Biton,Screener,Inactive,45.00,80,180,BC,,,,,,,,A,AC,B,,,,,,,,,,,,,,AC,,,,,,C
000011262,Maya Mizrahi,General Guard,Inactive,46.00,80,180,AB,,,,,,,,,,,,,,AB,,,,,AB,,,,,,,,,AC,,
000011270,Roi Amar,Supervisor,Inactive,47.00,80,180,,,,B,,,,,,,,,,,,,,,,C,,,,,,,,,,,
000011288,Shira Twito,Screener,Inactive,48.00,80,180,C,,,,,,,,,,,,,,,,,,AB,,,,A,A,,,,,,,
000011296,Eitan Peretz,General Guard,Inactive,49.00,80,180,,,,AB,,,A,,,,B,,,,,,,AC,,,,,,BC,,,,,,,AC
000011304,Noa Levi,Supervisor,Inactive,50.00,80,180,,,,,,,AC,,,,C,,,,,,AB,,,,,,AB,,,,A,,,,
000011312,Avi Azulay,Screener,Inactive,51.00,80,180,,,,,,,,,,,,,B,,C,,A,,,,,,,,B,,,,,,
000011320,Dana Regev,General Guard,Inactive,52.00,80,180,B,,,,,,,,B,AC,,,,,B,,,,,,,,,,,AC,C,,,,
000011338,Yossi Cohen,Supervisor,Inactive,53.00,80,180,,BC,,,,,,,,,,,,,,,,,,,,,BC,,,,B,,C,C,
000011346,Tal Katz,Screener,Inactive,54.00,80,180,,,,,,,,,,,C,,,,C,,,,,,,,,,C,,,,A,,
000011353,Omer Biton,General Guard,Inactive,55.00,80,180,,,,,,A,,,,,,C,,,,B,AC,,,,B,,,,,,BC,,,,
000011361,Maya Mizrahi,Supervisor,Inactive,56.00,80,180,,,,,,,,,,,,,,,,,,,,,A,,,,BC,,,BC,,B,
000011379,Roi Amar,Screener,Inactive,57.00,80,180,,,,,,,B,,,,C,B,,,BC,,,BC,,,,,,,,,,,,,
000011387,Shira Twito,General Guard,Inactive,58.00,80,180,,,,,,,,,,,,,BC,,,,,,,,,,,,,B,AC,,,,
000011395,Eitan Peretz,Supervisor,Inactive,59.00,80,180,,,,,,,,,AB,,,,,,B,,,,,B,,A,,,AB,AC,,,,,
000011403,Noa Levi,Screener,Inactive,60.00,80,180,,AC,,,,,,B,,,,,,,,,B,,,,,,,,,AB,,,,,
000011411,Avi Azulay,General Guard,Inactive,61.00,80,180,,,,AB,,,,,,,,AC,,,,,B,,A,,,,A,,,,,,,,
000011429,Dana Regev,Supervisor,Inactive,62.00,80,180,,,AC,,,,,,,AC,,,,,,,,,A,,BC,,,,,,,,BC,,
000011437,Yossi Cohen,Screener,Inactive,63.00,80,180,,,C,,A,,,,,,,,,B,,,,,,,,,,,,,,C,,,
000011445,Tal Katz,General Guard,Inactive,64.00,80,180,,,,,,,,,,,,,,,,,,A,,C,,,,,,,,,,,
000011452,Omer Biton,Supervisor,Inactive,65.00,80,180,AC,,,,B,,,,,,,,,,,,,AC,,,,,,,,BC,,,,,
000011460,Maya Mizrahi,Screener,Inactive,66.00,80,180,,,,,,,,,A,,,,,,,,,,,,,B,,,,,,,,,
000011478,Roi Amar,General Guard,Inactive,67.00,80,180,,AB,,,,,,,B,,,,,,AC,,,,,,,,,,,,B,AB,C,,
000011486,Shira Twito,Supervisor,Inactive,68.00,80,180,,,,,AC,,C,,,,,,,,,AC,,,,,,,,,,,,,,,
000011494,Eitan Peretz,Screener,Inactive,69.00,80,180,,,,B,,,,BC,,,,,,,,,,C,,,,,,,,,,,B,,
000011502,Noa Levi,General Guard,Inactive,40.00,80,180,,B,,,,,,,B,,,,,,,,,,,,,BC,,,,,,AB,A,,
000011510,Avi Azulay,Supervisor,Inactive,41.00,80,180,,AC,,,,,,C,,,,,,,,,,,,,,,,,,,,,B,,
000011528,Dana Regev,Screener,Inactive,42.00,80,180,,,,AC,,,,B,,,AB,,,,,,,,,,,,,AC,,,,,,,
000011536,Yossi Cohen,General Guard,Inactive,43.00,80,180,C,,,,BC,,,,,AB,,,,,,B,,,,,AC,,,,AC,,,,,,
000011544,Tal Katz,Supervisor,Inactive,44.00,80,180,,,,,,BC,AB,,,,,,,,,,,,,AC,,AC,,,,,,,,,B
000011551,Omer Biton,Screener,Inactive,45.00,80,180,,,,,,AB,,,,,,C,,,,,,,,,,,,,,,,,,C,
000011569,Maya Mizrahi,General Guard,Inactive,46.00,80,180,,B,,,,,,,,,,,,,,,,,,,,,,,,AC,,BC,,,
000011577,Roi Amar,Supervisor,Inactive,47.00,80,180,,,,,,C,,,,,,,,,,,,,,B,,,,,,,C,BC,,,
000011585,Shira Twito,Screener,Inactive,48.00,80,180,,,,AB,,,,,,,,,,,,,AB,,,,,,,,BC,,,,,,
000011593,Eitan Peretz,General Guard,Inactive,49.00,80,180,,,,,,,,BC,,,,,,,,,,,,,,,,,,,,AB,,,AC
000011601,Noa Levi,Supervisor,Inactive,50.00,80,180,,,,,,,,AB,,AC,,,,,,,C,,,,,,,,,,,,C,,
000011619,Avi Azulay,Screener,Inactive,51.00,80,180,,,,,,,,,,,A,,,,,,,,,,B,,,,BC,A,,,,,
000011627,Dana Regev,General Guard,Inactive,52.00,80,180,,,,,,,C,,,,AC,,,BC,,,,,,,,AB,,,,,,,,,
000011635,Yossi Cohen,Supervisor,Inactive,53.00,80,180,,,,,,,,,,,AB,,,,,,,,,,,,,,,,,AC,,,
000011643,Tal Katz,Screener,Inactive,54.00,80,180,,,AB,,C,,,,,,,,C,,,,,,AB,,,,,,,,,BC,,,
000011650,Omer Biton,General Guard,Inactive,55.00,80,180,,B,,,,,B,,,,,,,,,,,,,,,,,,BC,,,,,,
000011668,Maya Mizrahi,Supervisor,Inactive,56.00,80,180,,,,AC,BC,,,B,,,,,,,,,A,,,,,,,,AC,,BC,,,,
000011676,Roi Amar,Screener,Inactive,57.00,80,180,,,AB,,,,,,,AC,,A,,,,,,,,,,BC,,,A,,,,AC,,
000011684,Shira Twito,General Guard,Inactive,58.00,80,180,,,,AC,AB,,,,,,,,,,,,,,,,,,,,,,,,,,
000011692,Eitan Peretz,Supervisor,Inactive,59.00,80,180,,,,,B,,,,,B,,,,,,,C,,AB,,,,AC,AC,,,,,,,
000011700,Noa Levi,Screener,Inactive,60.00,80,180,AB,,,,,,,,,,,,A,,,,,,,,,,,,B,,,,BC,,
000011718,Avi Azulay,General Guard,Inactive,61.00,80,180,C,,AB,,,,,,,,,,,,,,,,,,B,,,,B,,,,,,
000011726,Dana Regev,Supervisor,Inactive,62.00,80,180,,AB,,,,,AB,,,AC,,,,,AB,,,A,,,,,,,,,,,AC,,
000011734,Yossi Cohen,Screener,Inactive,63.00,80,180,,,B,,,AB,,,,,,,,,,AB,,,,,,,,,,,,,,,
000011742,Tal Katz,General Guard,Inactive,64.00,80,180,,,C,,,,,,C,,,,,,,,,,,,,,BC,,,,,,,,
000011759,Omer Biton,Supervisor,Inactive,65.00,80,180,,,,,C,,,,,,,,,,,,,,C,,,,,,,,,,,,
000011767,Maya Mizrahi,Screener,Inactive,66.00,80,180,,,,,,,,,BC,,,,,,,B,,,,,,C,,,,,,C,,,
000011775,Roi Amar,General Guard,Inactive,67.00,80,180,,,,,,,,,C,,,,,,,,,,,,,AB,BC,,,,,,,,
000011783,Shira Twito,Supervisor,Inactive,68.00,80,180,,,A,,BC,,,,,,,,,,,,,,,,,,,,,,,,,,
000011791,Eitan Peretz,Screener,Inactive,69.00,80,180,,,,BC,,,,,,,,,,,,B,,,,,,,,,,,,A,,,
000011809,Noa Levi,General Guard,Inactive,40.00,80,180,C,,,,,,,,,,,,,,AC,,,BC,,AC,,,,,AB,,,,,,
000011817,Avi Azulay,Supervisor,Inactive,41.00,80,180,,,,,,,,,,,,,,,,,,,,,,,,,A,,,,C,,
000011825,Dana Regev,Screener,Inactive,42.00,80,180,,,,,,,AB,,,C,,,,BC,,,,,,,A,,,,,A,,,,,B
000011833,Yossi Cohen,General Guard,Inactive,43.00,80,180,,BC,,,,,,,,B,,,,,,,,,,,,,BC,,,,,,,,
000011841,Tal Katz,Supervisor,Inactive,44.00,80,180,,,,A,,,,,,,,BC,,,,,,,,,,,,AC,,,,,,,
000011858,Omer Biton,Screener,Inactive,45.00,80,180,,,,AC,,,,,,,,C,,,,,,,,,,,,,,,,,,,
000011866,Maya Mizrahi,General Guard,Inactive,46.00,80,180,,,,,,,A,,,,,,,,,,,,,,,A,,,,,A,,,,
000011874,Roi Amar,Supervisor,Inactive,47.00,80,180,,,AB,,,,,,,B,,,,,,,,,,,,,C,,,A,,,,,
000011882,Shira Twito,Screener,Inactive,48.00,80,180,,,,,,,,A,,,,,,,,,,,,,,,,,,,,,,AC,
000011890,Eitan Peretz,General Guard,Inactive,49.00,80,180,,,,,,,,,,A,,,,,,,,,B,,,,,,,,,,,,
000011908,Noa Levi,Supervisor,Inactive,50.00,80,180,,,,BC,,,,,,,,,,,,A,,,,,,,,,,,,,,,
000011916,Avi Azulay,Screener,Inactive,51.00,80,180,,AB,,C,AB,,,,,,,,AC,,,,,,C,,,,,C,,,,,,,
000011924,Dana Regev,General Guard,Inactive,52.00,80,180,,,,,,AB,A,,,,,,,,,,,,,,,,,,,C,,,,,
000011932,Yossi Cohen,Supervisor,Inactive,53.00,80,180,,B,,,,,,,,,,,,,,,,,,,,BC,,A,,,B,,,,
000011940,Tal Katz,Screener,Inactive,54.00,80,180,,,,,,,BC,BC,,,,,,,,,,,,,,,AB,,,,,,,,AC
000011957,Omer Biton,General Guard,Inactive,55.00,80,180,,,,,,,,,,,,,,,,,,,,,,A,,,,,,,A,,
000011965,Maya Mizrahi,Supervisor,Inactive,56.00,80,180,,,BC,,,,,,,,AB,,,,,,,,,A,,,,,,,,,,,
000011973,Roi Amar,Screener,Inactive,57.00,80,180,,,,,,BC,,,AB,,,,,,,,,,,BC,,,C,,AB,AB,,,,,
000011981,Shira Twito,General Guard,Inactive,58.00,80,180,,,,,,,,,B,,,,AC,AB,,,A,,,,AB,,,,,,,,,,
000011999,Eitan Peretz,Supervisor,Inactive,59.00,80,180,,,,BC,,,,,,,,,,C,,,,,BC,,,A,,,AB,,,,A,,
000012005,Noa Levi,Screener,Inactive,60.00,80,180,AC,,,,,,,,,,,,,AC,,,,BC,,,,,BC,,A,,,,,,
000012013,Avi Azulay,General Guard,Inactive,61.00,80,180,,,,,,,,,BC,,,,,,,,,,,,,,,,,,,,,BC,
000012021,Dana Regev,Supervisor,Inactive,62.00,80,180,,,,,,,BC,,A,B,,,,,,,,,,,,AB,B,,,,,,,,A
000012039,Yossi Cohen,Screener,Inactive,63.00,80,180,,,AB,,,BC,,,,C,,,,,,,,,,,B,,,,,,,,BC,,
000012047,Tal Katz,General Guard,Inactive,64.00,80,180,,,,,,,,,,,,,,,B,,,,AB,AB,,,C,,,,AC,,,C,
000012054,Omer Biton,Supervisor,Inactive,65.00,80,180,,,,,,,B,,,,,,,,,,,,,,AB,,,,,,,,,,
000012062,Maya Mizrahi,Screener,Inactive,66.00,80,180,,,C,,,,,AB,,,,,,,,,,,,,,,,,,,,,,,
000012070,Roi Amar,General Guard,Inactive,67.00,80,180,AC,,,,A,,,,,,,,,,,,,,,,,,,,,,C,,,,
000012088,Shira Twito,Supervisor,Inactive,68.00,80,180,,,,,C,,,,,,,,,,,,,,,,,,,,,,,BC,,,
000012096,Eitan Peretz,Screener,Inactive,69.00,80,180,C,,,,,B,,BC,,,C,B,,,,,,,,,,,,,,,,,,,
000012104,Noa Levi,General Guard,Inactive,40.00,80,180,,,,,,,,,,,,AB,,,,,,,,,,,,A,,,,,,AC,
000012112,Avi Azulay,Supervisor,Inactive,41.00,80,180,,BC,,,,,,AC,,,,,,,,AB,,,,,A,,,,,,,,,,
000012120,Dana Regev,Screener,Inactive,42.00,80,180,,,,,,,,,,,,,,,,,AC,,,,,,,,,,,,,,AC
000012138,Yossi Cohen,General Guard,Inactive,43.00,80,180,,,AB,,,,AB,,,,,,,,,,B,,,,,,AB,AC,,AC,,,,,
000012146,Tal Katz,Supervisor,Inactive,44.00,80,180,,,,,,,,,,,,,,A,B,,,AC,,AC,,,,,,,,,C,,
000012153,Omer Biton,Screener,Inactive,45.00,80,180,,,,,AB,,,,,,AB,,,,,,,,,,,,,,,,,,,,
000012161,Maya Mizrahi,General Guard,Inactive,46.00,80,180,,,B,,A,,,,,,,,,,,,AB,,,,,,,,,B,,,,AC,
000012179,Roi Amar,Supervisor,Inactive,47.00,80,180,A,AC,,,,,,,,A,,,,,,,,,,,,C,,,,,,,,,
000012187,Shira Twito,Screener,Inactive,48.00,80,180,,,,,,,C,,,,,,,,,,,,,,,,,A,,,,,,,
000012195,Eitan Peretz,General Guard,Inactive,49.00,80,180,,,,,,,,,,,,,,,,,,,A,,,,,AC,,,,,,,
000012203,Noa Levi,Supervisor,Inactive,50.00,80,180,,,,,,,,,,,,BC,,,B,,,,,,,,B,,,,,,,,
000012211,Avi Azulay,Screener,Inactive,51.00,80,180,,,,,,,C,,,A,,BC,,,,,C,,,,,,,C,,,,,,,AB
000012229,Dana Regev,General Guard,Inactive,52.00,80,180,,,,,C,,,,,,,A,,,,,,,A,,C,,,,,,,,,,
000012237,Yossi Cohen,Supervisor,Inactive,53.00,80,180,,,,,,,,,AB,,,,,,,,,C,,,,,,,AC,,,,,,
000012245,Tal Katz,Screener,Inactive,54.00,80,180,,,,,,,,,A,,,,,,C,AB,,,BC,,,,,,,,,,,,
000012252,Omer Biton,General Guard,Inactive,55.00,80,180,,,BC,,,,,,,AC,,AB,,,,,AC,,,,,A,,,,,,,A,,
000012260,Maya Mizrahi,Supervisor,Inactive,56.00,80,180,A,,,,,,,,,,,,AB,,,,BC,,,,,,,,,,,,C,C,
000012278,Roi Amar,Screener,Inactive,57.00,80,180,,,,BC,,,,,,,,,,,,,,,,,,,,,,,,,,,AB
000012286,Shira Twito,General Guard,Inactive,58.00,80,180,,,,,,,,,BC,,,,,,,,,BC,,,,,,,,,,,AB,,
000012294,Eitan Peretz,Supervisor,Inactive,59.00,80,180,,A,,,,C,,,,,,,,,,,,,,,,,,,,,,,,,A
000012302,Noa Levi,Screener,Inactive,60.00,80,180,,,,,A,A,,,,,,BC,,AB,,,,,,,,,,,,,,,AB,,
000012310,Avi Azulay,General Guard,Inactive,61.00,80,180,,,,,,,B,,C,,,,,,,,,,,,,,B,,,,,,B,C,
000012328,Dana Regev,Supervisor,Inactive,62.00,80,180,,,,A,,,,,AB,,,,,,,,,,BC,,,,,,,BC,,,,,
000012336,Yossi Cohen,Screener,Inactive,63.00,80,180,,,,,,,,,,,,,,,,,,,BC,,,,AC,,,,,,,,
000012344,Tal Katz,General Guard,Inactive,64.00,80,180,,,,,,,,,C,,,,,,,,BC,,,,,,,B,,,,,,,
000012351,Omer Biton,Supervisor,Inactive,65.00,80,180,,,AC,,,C,,,B,,,,,AC,,,AB,,,,,,,,,,,,,,
000012369,Maya Mizrahi,Screener,Inactive,66.00,80,180,AC,,,,,,,,,,,,,,,,,,,,,AC,,,,,,,,,
000012377,Roi Amar,General Guard,Inactive,67.00,80,180,,,,,,,,,,,,,,,,,,,AB,BC,,,,,,,,C,,,
000012385,Shira Twito,Supervisor,Inactive,68.00,80,180,,,A,A,,,,,,A,,,,,,,,,,,,,,,,,,,,,
000012393,Eitan Peretz,Screener,Inactive,69.00,80,180,,,,,,,,,,,,,,,,,,,,,,,,BC,,,,B,,,
000012401,Noa Levi,General Guard,Inactive,40.00,80,180,,,,,,,,,,,,,,,,,,B,,,,A,AB,,,,,,,,
000012419,Avi Azulay,Supervisor,Inactive,41.00,80,180,,B,,,,,,,,,,,,,,,,,,,,,,,AC,,,,,,
000012427,Dana Regev,Screener,Inactive,42.00,80,180,,,,,,,,,,AC,,,,,B,,,,,,,,,,,,,,,,
000012435,Yossi Cohen,General Guard,Inactive,43.00,80,180,A,,,AB,,,,,,,,,,,,,,,,,,,,,B,,,,,,
000012443,Tal Katz,Supervisor,Inactive,44.00,80,180,,,,,,,AB,,,AB,,,,,,BC,,,,,BC,,,,,,,,,BC,
000012450,Omer Biton,Screener,Inactive,45.00,80,180,,,AB,,,,,,,,,,,,,,,,B,,,AB,,,,,B,,,,
000012468,Maya Mizrahi,General Guard,Inactive,46.00,80,180,,,,,C,,BC,,A,,,,,,,,,,,B,,,,,,,AC,,,,
000012476,Roi Amar,Supervisor,Inactive,47.00,80,180,AB,,,,,,,,,AC,,,,,BC,,,,,,,,,,,,,,,,AC
000012484,Shira Twito,Screener,Inactive,48.00,80,180,BC,,C,,,,,,,,,C,,,,,AB,,,,,,,AC,,,,,,,
000012492,Eitan Peretz,General Guard,Inactive,49.00,80,180,,AC,,,,,,,,,,AC,,,,,,,,,,,,,,,,BC,,,
000012500,Noa Levi,Supervisor,Inactive,50.00,80,180,AB,,,,,,C,,,C,,,,,AC,,,,,,,,,A,,,,,,,
000012518,Avi Azulay,Screener,Inactive,51.00,80,180,,,,,,,,,,,,,AB,C,,,,,,,,,,,,,,BC,,,
000012526,Dana Regev,General Guard,Inactive,52.00,80,180,C,,,,,,C,,,,,,,,B,,,,,,,C,,,,,,,,,
000012534,Yossi Cohen,Supervisor,Inactive,53.00,80,180,B,,,,,,AC,,,,,,,,,,,,,,,C,,,,,AC,,,,
000012542,Tal Katz,Screener,Inactive,54.00,80,180,,,,,,,,,,,,,,,,,,,,,,,,,,,,,B,A,
000012559,Omer Biton,General Guard,Inactive,55.00,80,180,,,,,,,,,,,C,,,,,,,,,C,BC,,BC,,,,C,A,,,
000012567,Maya Mizrahi,Supervisor,Inactive,56.00,80,180,A,A,,,,,,,AC,BC,,,,,,,,,,,,,,,,,,AC,AB,,
000012575,Roi Amar,Screener,Inactive,57.00,80,180,,,,,,,,,BC,,,,,,,,,,,,,,,,,,,,AC,,A
000012583,Shira Twito,General Guard,Inactive,58.00,80,180,,BC,,,,,,,,B,BC,,,C,,,,,,,,,,,,,,BC,,,B
000012591,Eitan Peretz,Supervisor,Inactive,59.00,80,180,,,AC,,,,,BC,,,,,,,,,,,,,,,,,,,,,,,
000012609,Noa Levi,Screener,Inactive,60.00,80,180,,,,,,,,,,,,A,,,,,B,,,,,,,,,,,,,,
000012617,Avi Azulay,General Guard,Inactive,61.00,80,180,,,,,AC,A,,,,,,,,,,AB,,,,,,,,,,C,,,,,
000012625,Dana Regev,Supervisor,Inactive,62.00,80,180,AC,,,,AC,,,,,,,AB,,BC,,,,,,B,,,,,,,,,,,
000012633,Yossi Cohen,Screener,Inactive,63.00,80,180,,,,,,,,,,,,,AB,,,,,,BC,,,,,,,,,,,,
000012641,Tal Katz,General Guard,Inactive,64.00,80,180,A,,,,,,,,,AB,,,,,,,B,,,A,,,,AC,B,,,,,,
000012658,Omer Biton,Supervisor,Inactive,65.00,80,180,,,,,,,,,,,,,,C,,,,,,,,,,,,,,,,,AB
000012666,Maya Mizrahi,Screener,Inactive,66.00,80,180,,,AB,,,,C,,,,,,,,,,,AB,,AB,,,,A,,,C,,,,
000012674,Roi Amar,General Guard,Inactive,67.00,80,180,,,,,,,,,C,,,,,,,,,,,AC,,B,,,,,,,,,
000012682,Shira Twito,Supervisor,Inactive,68.00,80,180,,,,,,AC,,,,,A,BC,,,A,,,,,,,,,,,,,,,,
000012690,Eitan Peretz,Screener,Inactive,69.00,80,180,,,A,,,,BC,A,,,,,,,,,AC,,,,,,,,B,,,,,,
000012708,Noa Levi,General Guard,Inactive,40.00,80,180,,,,A,,A,,,,,,,,,,,,C,,,,AB,,,B,,,,,,B
000012716,Avi Azulay,Supervisor,Inactive,41.00,80,180,,,,,,,BC,,,,,,,,,,,,,A,,,,,AB,,,,,B,
000012724,Dana Regev,Screener,Inactive,42.00,80,180,,,,AB,,,,,,AC,,,,,,,,,,,,,,,,,,,,,
000012732,Yossi Cohen,General Guard,Inactive,43.00,80,180,,B,,,,,,,AB,,,AC,,,,,,C,,,AC,,,,,,,,,,
000012740,Tal Katz,Supervisor,Inactive,44.00,80,180,,,,,,AC,,,,,,,,,,,A,,,,,,,,,,,,,,BC
000012757,Omer Biton,Screener,Inactive,45.00,80,180,,,,,,,,,,,,,,,,,,,AC,,,,,B,,,,,,,
000012765,Maya Mizrahi,General Guard,Inactive,46.00,80,180,,BC,,,,,,,,,,,,,,,,,,,,,,,,,,,,,AC
000012773,Roi Amar,Supervisor,Inactive,47.00,80,180,,,,,AB,,,,,,,,,,,,,C,,,,A,,,A,B,,,,,
000012781,Shira Twito,Screener,Inactive,48.00,80,180,,,,,,,,,,,B,,,,,,C,,,,,AC,,AC,,,,,,,
000012799,Eitan Peretz,General Guard,Inactive,49.00,80,180,,,BC,,,,,,,AB,,,,,,,B,,,,BC,,,,AB,,,,C,,
000012807,Noa Levi,Supervisor,Inactive,50.00,80,180,C,,,,,,,,,B,,,,,A,,,,,,,C,,,,B,,,,,
000012815,Avi Azulay,Screener,Inactive,51.00,80,180,,,,,,,BC,,,A,B,,,,,,,,,,A,,,,,,,,,,
000012823,Dana Regev,General Guard,Inactive,52.00,80,180,C,,,,,AB,,,,,,BC,AB,,,,,,,,,B,,,,,C,,,,
000012831,Yossi Cohen,Supervisor,Inactive,53.00,80,180,,,,AC,,,,,AB,,,,,,,B,,,AB,,,,,,,AC,,,,,
000012849,Tal Katz,Screener,Inactive,54.00,80,180,,,,,,,AB,,,,,,,BC,,A,,,,,,,,AB,,,,,B,A,
000012856,Omer Biton,General Guard,Inactive,55.00,80,180,,,,,,,,,,,,,,,,,,AB,,,,C,,,,,,,,,
000012864,Maya Mizrahi,Supervisor,Inactive,56.00,80,180,B,,,,,,,,C,,,,,BC,,,,AC,,,,,,,,,,AC,,,
000012872,Roi Amar,Screener,Inactive,57.00,80,180,AB,B,,,,,,B,,,,,,,,,,,AB,,,,,,,,,,,BC,
000012880,Shira Twito,General Guard,Inactive,58.00,80,180,,,,B,,C,,,,,,,,,,,A,,,,AC,,,,,,,,,,AB
000012898,Eitan Peretz,Supervisor,Inactive,59.00,80,180,,,,,,,,,,,A,,,A,,,,B,B,,,,,AC,,,,,,,
000012906,Noa Levi,Screener,Inactive,60.00,80,180,,,,,,,,,,C,,,,BC,,,B,,,,,BC,,,,,,,,,
000012914,Avi Azulay,General Guard,Inactive,61.00,80,180,,,,,,,A,,,,,,,,,AB,,,,,,,A,,,,,A,,,BC
000012922,Dana Regev,Supervisor,Inactive,62.00,80,180,AB,,,,,,,AB,,B,,,,,,,,,,,,,,,,,,AC,,,
000012930,Yossi Cohen,Screener,Inactive,63.00,80,180,,,,,,,,,,,B,,,,,,,,,C,A,,,,,,,,AB,AC,
000012948,Tal Katz,General Guard,Inactive,64.00,80,180,,,,,,,,C,,,,A,,,,BC,,A,,,,,,,,,,,,,
000012955,Omer Biton,Supervisor,Inactive,65.00,80,180,,,A,,,,,BC,,,,,,,,,,,,,,,,,,,,A,,,
000012963,Maya Mizrahi,Screener,Inactive,66.00,80,180,,,,,,,,,,,,,,,,,,,C,,,,,,,,,,,AC,
000012971,Roi Amar,General Guard,Inactive,67.00,80,180,,,,BC,,,,,,,,,,,,,,,,,,,C,AB,,,,,,,
000012989,Shira Twito,Supervisor,Inactive,68.00,80,180,,,,,,,,,BC,,,,,,,,,,,,,AC,,,,,,,,,
000012997,Eitan Peretz,Screener,Inactive,69.00,80,180,,AB,,,,,,,,,,A,AC,,,,,,,,,,,,,,AB,,,A,
000013003,Noa Levi,General Guard,Inactive,40.00,80,180,,,,,,,,,,,A,,,C,,,,,,,,,,AC,,,,,,,
000013011,Avi Azulay,Supervisor,Inactive,41.00,80,180,,,,,,AB,AC,,,,,,,,C,,,AB,,,,,BC,A,,,,,,,
000013029,Dana Regev,Screener,Inactive,42.00,80,180,,,,,,,,,B,AB,,,,,,,,,,,,,,,,AB,,,,,
000013037,Yossi Cohen,General Guard,Inactive,43.00,80,180,B,,,,,,,AB,,,,,,,,,,,,AB,,,,,,,,,,,
000013045,Tal Katz,Supervisor,Inactive,44.00,80,180,,AC,,,,,,,,,,,,,,,,,,,,,BC,,,,,,,,
000013052,Omer Biton,Screener,Inactive,45.00,80,180,,,,,,,,,,,,BC,,,,B,,,,,AB,,,,,,,,,,
000013060,Maya Mizrahi,General Guard,Inactive,46.00,80,180,,,,,A,AC,,,,,,AB,C,A,,,,,,,,,,,,,,,,,
000013078,Roi Amar,Supervisor,Inactive,47.00,80,180,,,,,C,,,,,,,,,,,,,,,AC,,,,,,,,,B,AB,
000013086,Shira Twito,Screener,Inactive,48.00,80,180,,,,,,,,,,,BC,,,,,,,,A,,,,,,,,,,,,
000013094,Eitan Peretz,General Guard,Inactive,49.00,80,180,,,BC,,,,,,C,,,,,,,,,,,,,,,,,BC,,,,,AC
000013102,Noa Levi,Supervisor,Inactive,50.00,80,180,B,,AC,,,,,AC,,,,,B,,,,,,,,,,,,,,C,BC,,,
000013110,Avi Azulay,Screener,Inactive,51.00,80,180,,,,,,AC,,,,,,,,,,,,,,,,,,,,AC,,,,,AC
000013128,Dana Regev,General Guard,Inactive,52.00,80,180,,,,,,,,,,,,,,,,,,,B,,BC,A,,,,,,,,,
000013136,Yossi Cohen,Supervisor,Inactive,53.00,80,180,,,,,,,,A,,,,,,B,,,,,,,BC,,,,,,,,,,
000013144,Tal Katz,Screener,Inactive,54.00,80,180,,,,,,,,BC,,,,,,,,,AB,,,,,,,,,,,,,,
000013151,Omer Biton,General Guard,Inactive,55.00,80,180,,,,,,,,,AC,,,,,,,,,,AC,,B,,BC,,,,,,,,
000013169,Maya Mizrahi,Supervisor,Inactive,56.00,80,180,,AC,,,,,,,,,,,,,,,,,,,,,,,,,,,,,C
000013177,Roi Amar,Screener,Inactive,57.00,80,180,,,,,,,,,,,,,AB,BC,,,,BC,,,C,,,,,,A,,,,C
000013185,Shira Twito,General Guard,Inactive,58.00,80,180,,,,,,,,,,,,,,,,,,,,,B,,,,,,,C,,,
000013193,Eitan Peretz,Supervisor,Inactive,59.00,80,180,,,,,A,,,,,,,,,C,,,,,,B,C,,,BC,,,C,,,,
000013201,Noa Levi,Screener,Inactive,60.00,80,180,,,,,,,,,,,,,,,A,,,,,,B,,,,,,,,C,BC,
000013219,Avi Azulay,General Guard,Inactive,61.00,80,180,,,,,,,,,,,,,,,,,,,,BC,,,,,,,,,AB,,
000013227,Dana Regev,Supervisor,Inactive,62.00,80,180,,,,AB,A,C,,AC,,,,A,,,,,,,B,,,,,,,,,,,,
000013235,Yossi Cohen,Screener,Inactive,63.00,80,180,AC,,,,,BC,,,,,,,,,,,,,,,,,,,,,,,A,AB,
000013243,Tal Katz,General Guard,Inactive,64.00,80,180,,,,,,,,,,,,,,,,,,,,,,,,,,C,,,B,,
000013250,Omer Biton,Supervisor,Inactive,65.00,80,180,,,,,,B,,,,,,,,,,,,,,,,,,,,,,,BC,,
000013268,Maya Mizrahi,Screener,Inactive,66.00,80,180,,,,AB,,,,,,AB,,,,,,,,,,,,,C,,,,,,,,
000013276,Roi Amar,General Guard,Inactive,67.00,80,180,,,,,,,,A,,,,,,,B,,,B,,,AC,,,,,,,,,,
000013284,Shira Twito,Supervisor,Inactive,68.00,80,180,,,,BC,,,A,,,,,,,,,,,,,,,,,,,,C,,B,,
000013292,Eitan Peretz,Screener,Inactive,69.00,80,180,,,,,,BC,,,,,C,B,,,,,,,AB,,,,,,,,A,,,,
000013300,Noa Levi,General Guard,Inactive,40.00,80,180,,,B,,,B,,,,,,,,,,,,AC,,,,,,,,,,,,,
000013318,Avi Azulay,Supervisor,Inactive,41.00,80,180,,,,,B,C,,,,A,,,,,,,C,,,,,,,,,,,,,,
000013326,Dana Regev,Screener,Inactive,42.00,80,180,,,BC,,,,,,,,,,,,,,,,,,,,,A,,,,,,,
000013334,Yossi Cohen,General Guard,Inactive,43.00,80,180,,C,,,,,,,,,,,AB,,AC,,,,,,,,,,,,,,,,
000013342,Tal Katz,Supervisor,Inactive,44.00,80,180,AB,B,,,,,,A,,,,,,,,,,,,,,,A,,AC,AB,,,,,
000013359,Omer Biton,Screener,Inactive,45.00,80,180,,,,,,,,,,,,,,,,,,,,,,AC,,,,,AC,,,,
000013367,Maya Mizrahi,General Guard,Inactive,46.00,80,180,,,,,AC,,,,,,,,,,,,,,,,,,,,,,,,,,AC
000013375,Roi Amar,Supervisor,Inactive,47.00,80,180,,,,,,,,AC,,,C,AB,,A,,,,,,A,,,,,,B,,,,,
000013383,Shira Twito,Screener,Inactive,48.00,80,180,,,,,,,,,,,,,,,AB,,AC,,,,,,AC,,,,BC,,,,
000013391,Eitan Peretz,General Guard,Inactive,49.00,80,180,,,,,AB,,,,,,,,,,,BC,,,,,C,B,,,,,,,,,
000013409,Noa Levi,Supervisor,Inactive,50.00,80,180,,,,,,,,,,,,,AB,,,BC,AB,AB,,,,,,A,,,,,,,
000013417,Avi Azulay,Screener,Inactive,51.00,80,180,,,AB,,,,,,,,,AC,,,,,,,,,,,,,AB,,,,,,
000013425,Dana Regev,General Guard,Inactive,52.00,80,180,,,,,,AC,C,,,C,AC,,,,,,,,,,BC,,A,,,,,,,,
000013433,Yossi Cohen,Supervisor,Inactive,53.00,80,180,,,,,B,,,B,,,,,,,,,,,,,,,,,,,,,,,
000013441,Tal Katz,Screener,Inactive,54.00,80,180,,,,,,,,,,BC,,,,,,,,,,AC,,A,,,,,,,,,
000013458,Omer Biton,General Guard,Inactive,55.00,80,180,,,,,,,,,,,,,,,AC,,,C,,,,,,AB,,,,B,,,
000013466,Maya Mizrahi,Supervisor,Inactive,56.00,80,180,,,,,,,AC,,C,,,,A,,,,,A,,,,,,,,,,,,,
000013474,Roi Amar,Screener,Inactive,57.00,80,180,,,,AB,,C,,AC,,,,,,,,,,,,,,,,,,,,,,,B
000013482,Shira Twito,General Guard,Inactive,58.00,80,180,,,,,B,,,,,,,A,B,,,,,,AB,,,,,,,,,,,A,
000013490,Eitan Peretz,Supervisor,Inactive,59.00,80,180,,,,,,,,C,,,,,,AB,,,,,,,,,,,,,,,,,
000013508,Noa Levi,Screener,Inactive,60.00,80,180,,,,AC,,,,A,,,,,,,BC,,,,,,,,AB,,,,C,,,,
000013516,Avi Azulay,General Guard,Inactive,61.00,80,180,,B,,,,,,,,BC,,,,BC,,,,,,,,,,AC,,,,,,,
000013524,Dana Regev,Supervisor,Inactive,62.00,80,180,,AB,A,,,,,,,,AC,,,,,,AB,,,,,BC,,,,,,,,,
000013532,Yossi Cohen,Screener,Inactive,63.00,80,180,,,,,,,,,,,B,A,,,,,,C,,,,,,,,,,,,BC,
000013540,Tal Katz,General Guard,Inactive,64.00,80,180,,,,,,,C,,,,,,,A,AB,,,AB,,,,,,,,,AC,,,,BC
000013557,Omer Biton,Supervisor,Inactive,65.00,80,180,,,,,,AB,AB,,,A,,,,C,,,,,,,,,,A,,,,,,,
000013565,Maya Mizrahi,Screener,Inactive,66.00,80,180,,,,C,,,,AC,AB,,,,,,,,,,,A,,,,,,,,,BC,,AB
000013573,Roi Amar,General Guard,Inactive,67.00,80,180,,,,,,,,,,,,BC,,AC,,,,,,,,,,,,,,,,,BC
000013581,Shira Twito,Supervisor,Inactive,68.00,80,180,,,,,AC,C,,,,,,,,,,,C,,,,,,,,,,AC,,,,
000013599,Eitan Peretz,Screener,Inactive,69.00,80,180,,,,C,,B,A,,BC,,,,,,,AC,,,,,,,,,,,,,,,BC
000013607,Noa Levi,General Guard,Inactive,40.00,80,180,B,,,,,,BC,,,,BC,AB,,,,,,,,,,,,,,,,,,,
000013615,Avi Azulay,Supervisor,Inactive,41.00,80,180,,,,,,,B,,,,,,,,,,,,,,,,,,B,,,,,,
000013623,Dana Regev,Screener,Inactive,42.00,80,180,,,,,BC,,,,,,,AC,,,,A,,,,,,,,,,AB,,,,,
000013631,Yossi Cohen,General Guard,Inactive,43.00,80,180,,,,A,,,,,,,,,,,,,,,,,,BC,BC,,,,,,,,
000013649,Tal Katz,Supervisor,Inactive,44.00,80,180,,,BC,,,,,,,,,,,,,,,,,,,,,,A,,,C,,,
000013656,Omer Biton,Screener,Inactive,45.00,80,180,C,,,,,,,C,,,,,BC,,,,A,,,AB,,,,,,,,,,,
000013664,Maya Mizrahi,General Guard,Inactive,46.00,80,180,,,BC,,,,,,,,AC,,,C,,,,,,,,AB,,,,,,,,B,A
000013672,Roi Amar,Supervisor,Inactive,47.00,80,180,,,BC,,AB,BC,,,,,,,,BC,,,,,,,,,,,,,,,,,
000013680,Shira Twito,Screener,Inactive,48.00,80,180,,,AB,,,,,,,C,,BC,,,,A,,,,,,,,,,,AC,,BC,,
000013698,Eitan Peretz,General Guard,Inactive,49.00,80,180,,,,,,,,,,,,,,,,,,,,,,,,,,B,,A,,,
000013706,Noa Levi,Supervisor,Inactive,50.00,80,180,AC,,,,,,,,,BC,,,BC,,,AC,,,,,,AC,,,,,,,,,AB
000013714,Avi Azulay,Screener,Inactive,51.00,80,180,,,,,BC,,,,AB,,,,B,,AB,B,,,,,,,,,,,AB,,,,
000013722,Dana Regev,General Guard,Inactive,52.00,80,180,,,,,,,B,,,,,,,,,,,,,,,C,,,,,,,,,
000013730,Yossi Cohen,Supervisor,Inactive,53.00,80,180,,,,,,,,,,,,,,,,,,,,,,,,BC,BC,AB,,,,,
000013748,Tal Katz,Screener,Inactive,54.00,80,180,,,,,,,,B,,,,,,,,,AC,,,,AC,,,,,,,,,,
000013755,Omer Biton,General Guard,Inactive,55.00,80,180,C,A,,,,,,,,C,,,,,,,,,,,,,,,,,,,,,AC
000013763,Maya Mizrahi,Supervisor,Inactive,56.00,80,180,C,,,,,AC,,,,,,A,,,,,,,,,B,,,,,C,,,B,,
000013771,Roi Amar,Screener,Inactive,57.00,80,180,,,,,,,,,AC,,,,A,,,,,,,,,C,,AB,,,,,,,A
000013789,Shira Twito,General Guard,Inactive,58.00,80,180,,,,,,,,,,,B,,,,,,,,,,,,,,,A,,,,,A
000013797,Eitan Peretz,Supervisor,Inactive,59.00,80,180,,B,,,,AC,,,,,,,,,,,,,,,,,,,,,,,,,
000013805,Noa Levi,Screener,Inactive,60.00,80,180,,AB,,,,C,,,B,,,,,,,,,,,,,,,AB,,,,,A,,
000013813,Avi Azulay,General Guard,Inactive,61.00,80,180,,,,A,,,,,,,,,,,,,,,,A,,,,BC,,,,,,,
000013821,Dana Regev,Supervisor,Inactive,62.00,80,180,,,,,,,,,AB,,,AC,,,,,,,,,,,,,,,,,,,
000013839,Yossi Cohen,Screener,Inactive,63.00,80,180,,,,,,A,,,,AC,,,,,,,,,,,,,,,,,,,,,
000013847,Tal Katz,General Guard,Inactive,64.00,80,180,AC,,,,,,,,,B,,,,,,B,,,,,,,,C,,,,,,,
000013854,Omer Biton,Supervisor,Inactive,65.00,80,180,,,,,,,,,,,,,,,,,,,,AB,,,,,AC,,,,,,
000013862,Maya Mizrahi,Screener,Inactive,66.00,80,180,,,,,,,,,,,,C,,,,BC,,,,,,,,,,,,,AC,,
000013870,Roi Amar,General Guard,Inactive,67.00,80,180,,BC,,,,,,,,,,,C,,,,AB,,,,,,,,,,,,,,
000013888,Shira Twito,Supervisor,Inactive,68.00,80,180,C,,,,,,,,,,,,,,,,A,,,,,,,,,AB,AB,,,,
000013896,Eitan Peretz,Screener,Inactive,69.00,80,180,,,,BC,,BC,,,,AC,,,,,,,,,,,,,,,,,,,,,A
000013904,Noa Levi,General Guard,Inactive,40.00,80,180,,AB,,,,,,,,,,AC,,,,,,,,,,,,AC,,,,BC,,,
000013912,Avi Azulay,Supervisor,Inactive,41.00,80,180,,,A,,,,A,,,BC,,,,,C,,,,A,,,,,,,C,,,,,
000013920,Dana Regev,Screener,Inactive,42.00,80,180,,,,,,A,,,,,,,,,,,,A,,,,,,,,,,,,,BC
000013938,Yossi Cohen,General Guard,Inactive,43.00,80,180,,C,,AC,,,,,,,,,,,,,BC,,AB,,,BC,,,,,,,,,AB
000013946,Tal Katz,Supervisor,Inactive,44.00,80,180,BC,,,,,,AC,,,,,A,,A,,,,,,,,,,,,,A,,,,
000013953,Omer Biton,Screener,Inactive,45.00,80,180,,,,,,,,,,,,,,,,AC,,,,,,,,B,,,,,,,
000013961,Maya Mizrahi,General Guard,Inactive,46.00,80,180,,,,,,,,,,,,B,,,,,,AB,,,,B,BC,,,,,,,,
000013979,Roi Amar,Supervisor,Inactive,47.00,80,180,,,,B,,BC,,,,,C,,,,,,,,,,,,,,,,,,,,
000013987,Shira Twito,Screener,Inactive,48.00,80,180,,AC,,,AC,,,,,,,A,,,,,,,,,,,,A,AC,,,,,,
000013995,Eitan Peretz,General Guard,Inactive,49.00,80,180,,,,,,B,,,,,,,,,,,,,,BC,,,,,,,,BC,,,
000014001,Noa Levi,Supervisor,Inactive,50.00,80,180,,,B,C,,,,,,,,,,,,AB,,,,AC,C,,,,,,,,,A,
000014019,Avi Azulay,Screener,Inactive,51.00,80,180,,,,,,,,,,,,,,,,,,,,AC,A,,,,,,,,,,
000014027,Dana Regev,General Guard,Inactive,52.00,80,180,,,,,,,,BC,,A,AC,,,,,,,,,,,BC,,,,,,AC,,,
000014035,Yossi Cohen,Supervisor,Inactive,53.00,80,180,,BC,BC,,,,,,,B,,,,B,A,,,,,,,,B,,,,,,,,
000014043,Tal Katz,Screener,Inactive,54.00,80,180,,,,,,,,,AC,,,AB,,A,,,,,,,,,,,,,,,,,
000014050,Omer Biton,General Guard,Inactive,55.00,80,180,,,,,,,,AB,,,,,,AB,,,,,,,,AC,AB,,,,,,,AC,
000014068,Maya Mizrahi,Supervisor,Inactive,56.00,80,180,AC,C,,,,,,,,,,,,,,BC,,BC,,,,,C,,,,,,,,
000014076,Roi Amar,Screener,Inactive,57.00,80,180,,,,,,,,,,,,A,,,,,,,,,,,AB,A,,,,,,,
000014084,Shira Twito,General Guard,Inactive,58.00,80,180,,,,,,BC,,,,,,,,,,,,,,,,,,,A,,,,,,
000014092,Eitan Peretz,Supervisor,Inactive,59.00,80,180,,,,,,,,AC,,,,,,,,AC,BC,,,,,,A,,,,,,,,
000014100,Noa Levi,Screener,Inactive,60.00,80,180,,,C,,,,,,,,,,,,,,,,,AC,,,,,,,,,,,
000014118,Avi Azulay,General Guard,Inactive,61.00,80,180,,,,,,,,,,,,,C,,,,A,,,,AC,BC,,AC,,,,,,,
000014126,Dana Regev,Supervisor,Inactive,62.00,80,180,,,,,,,,AB,,,,,,A,,,,,,,,A,,AB,,,,,,,
000014134,Yossi Cohen,Screener,Inactive,63.00,80,180,,,,,,,,,,,,,,,,,,,AC,,,,,,,A,,BC,,,AC
000014142,Tal Katz,General Guard,Inactive,64.00,80,180,,,,,,,,,,,,,,,,,,AC,,,,,,,,,AB,AC,,,AB
000014159,Omer Biton,Supervisor,Inactive,65.00,80,180,,,,A,,,,,,C,,,A,,,,,,,,,,BC,,,,,,,AB,
000014167,Maya Mizrahi,Screener,Inactive,66.00,80,180,,,,,,,,,,,,,,,,,,,BC,,,,,,,,BC,,,,
000014175,Roi Amar,General Guard,Inactive,67.00,80,180,,BC,,,,,,BC,,,,,,,,,,,,,,,,,,,,A,,,
000014183,Shira Twito,Supervisor,Inactive,68.00,80,180,,,,,,,,,,,C,,,,,,,,,,,,,,,,C,,,,BC
000014191,Eitan Peretz,Screener,Inactive,69.00,80,180,,,,,,,C,,,B,,,B,,,,,,,,,A,,,,,,,AC,,
000014209,Noa Levi,General Guard,Inactive,40.00,80,180,,C,,,,,,,,,AB,,,,,,,,,,AC,,AB,,,,,,,A,
000014217,Avi Azulay,Supervisor,Inactive,41.00,80,180,,,AC,,,,,,,,,,,,,,,,,,,,,,C,,,,,,
000014225,Dana Regev,Screener,Inactive,42.00,80,180,,,,,,,,,,,,AB,,,BC,,B,,,,,,,,,A,B,,,,
000014233,Yossi Cohen,General Guard,Inactive,43.00,80,180,,,,,,,,,,B,,,,,,,,,,,,,,,,,BC,,,,
000014241,Tal Katz,Supervisor,Inactive,44.00,80,180,,,,,,,C,,,,,,,AC,,B,,,,,,,,BC,BC,,,,,,
000014258,Omer Biton,Screener,Inactive,45.00,80,180,,,,,,,,,AB,,,,,,,,,,,,,,,,,BC,,,,,
000014266,Maya Mizrahi,General Guard,Inactive,46.00,80,180,,,,,,,,,,AB,BC,,,,,,,,,,,,,,BC,AB,,,BC,,
000014274,Roi Amar,Supervisor,Inactive,47.00,80,180,,,,,AC,,,,,,,,,,,,,,,,,,,,,,,AB,,,
000014282,Shira Twito,Screener,Inactive,48.00,80,180,C,AC,,,,,,,,,,,,,,,,C,,,,,,,,,,,,,
000014290,Eitan Peretz,General Guard,Inactive,49.00,80,180,,,,,,,,,,,,,,AC,,,,,,,,,,,,,BC,,,,
000014308,Noa Levi,Supervisor,Inactive,50.00,80,180,,,,,,,,,,,,AB,AC,,,,AB,AB,,,,,,,AB,,AC,,,,
000014316,Avi Azulay,Screener,Inactive,51.00,80,180,,,,,,,,,,,,,,,,,,,AC,AC,,,,A,,,,,,,
000014324,Dana Regev,General Guard,Inactive,52.00,80,180,,,BC,,,,,,,B,,BC,,,AB,,BC,,,,,,A,,,,,,,,
000014332,Yossi Cohen,Supervisor,Inactive,53.00,80,180,,,,,,,,,,,,,,,,,,,AB,,,BC,,,,,,,AB,,
000014340,Tal Katz,Screener,Inactive,54.00,80,180,,,,,,,,,,,,,,,,,,,,,,AB,,,,AC,,,,BC,
000014357,Omer Biton,General Guard,Inactive,55.00,80,180,,BC,,,,,,,,,,B,,,,,,,,,,,,,,,,,,,
000014365,Maya Mizrahi,Supervisor,Inactive,56.00,80,180,,,,,C,,,,,,C,,,,A,BC,,,,,,,,A,,,,,,,
000014373,Roi Amar,Screener,Inactive,57.00,80,180,,,,,,,,,,,,,A,,,,,,,,,,A,,,,,,,,
000014381,Shira Twito,General Guard,Inactive,58.00,80,180,,,AC,,,AC,,,,,,,,,,,,,BC,,,,,,,AC,,,,,C
000014399,Eitan Peretz,Supervisor,Inactive,59.00,80,180,,,AC,AC,,,,,,,,,,,AC,,,,,,,,,,,,,AC,BC,,
000014407,Noa Levi,Screener,Inactive,60.00,80,180,,,,,,,,,,,,,,,,,,,,,AC,,,,,A,,,,,
000014415,Avi Azulay,General Guard,Inactive,61.00,80,180,,,,,AB,A,,,,,,,,,,,,,,,,,,,,,,,,,C
000014423,Dana Regev,Supervisor,Inactive,62.00,80,180,BC,,,,,,,,,,,B,,,,AB,AB,,,,,C,,,,AC,,,,,
000014431,Yossi Cohen,Screener,Inactive,63.00,80,180,,,,,,,,,,,,,,,,,,BC,,AC,,,,,B,,,,,,
000014449,Tal Katz,General Guard,Inactive,64.00,80,180,,AB,B,,,,,,,,,,,,B,,B,,,,,,,,,BC,B,,,,
000014456,Omer Biton,Supervisor,Inactive,65.00,80,180,AB,,AB,,,,,,AC,,,,,,B,C,,,,,,,,,,,BC,,,,
000014464,Maya Mizrahi,Screener,Inactive,66.00,80,180,,A,,,,,,,,,AC,,,,,,,,,B,,,,,B,AC,,,,,
000014472,Roi Amar,General Guard,Inactive,67.00,80,180,,,,BC,,,,,,,,,,,,,,BC,,C,,,AB,,,,,,,,
000014480,Shira Twito,Supervisor,Inactive,68.00,80,180,,,,,A,,,,,,,,,,,,,,,,,A,,,,,,,AB,A,
000014498,Eitan Peretz,Screener,Inactive,69.00,80,180,,,,,,,,,,,,,,,,,,,,,,,,,C,,,C,,,
000014506,Noa Levi,General Guard,Inactive,40.00,80,180,AB,B,,,,,,,,,AC,AC,,,,,,,,,,,,AC,,,B,,,,
000014514,Avi Azulay,Supervisor,Inactive,41.00,80,180,,,,,,,,,,,,BC,,,,,,,,,BC,,,,,,,,,,
000014522,Dana Regev,Screener,Inactive,42.00,80,180,,,,,,,B,,,,BC,C,,,,,C,,A,,,,,,,,AB,,,,
000014530,Yossi Cohen,General Guard,Inactive,43.00,80,180,,,,,,A,,,,,,,,,,C,,C,,,,,,BC,,,AC,,,,
000014548,Tal Katz,Supervisor,Inactive,44.00,80,180,,,AC,,,,,,,,AC,,,,,,,BC,,AC,,,AC,,,,,,,BC,
000014555,Omer Biton,Screener,Inactive,45.00,80,180,,C,,,,,,,,AC,,,,,,,,B,BC,,,,,C,,,,,,,
000014563,Maya Mizrahi,General Guard,Inactive,46.00,80,180,,,,,,B,,,,,,,AC,,B,,,,,,,,,,,,BC,,,,A
000014571,Roi Amar,Supervisor,Inactive,47.00,80,180,AC,,,,AC,,,,BC,,,,,,,,,,,,,B,,,,,,,,,B
000014589,Shira Twito,Screener,Inactive,48.00,80,180,,,,,,,,,,,,,,,,,,,B,,,,,,,,A,C,,,
000014597,Eitan Peretz,General Guard,Inactive,49.00,80,180,,,AB,,,,,,,,,,,,,,,,,,,,,,,,,,,B,
000014605,Noa Levi,Supervisor,Inactive,50.00,80,180,,,,B,,,,,,,,,,A,,,,,,,,,BC,,,,,AB,,BC,
000014613,Avi Azulay,Screener,Inactive,51.00,80,180,,,,,,,,,,,,,,,,,,,,,,,C,,,,,,,,BC
000014621,Dana Regev,General Guard,Inactive,52.00,80,180,,,,,,,,,,,,,,,,,,,AB,,,,,,,,,,AB,,
000014639,Yossi Cohen,Supervisor,Inactive,53.00,80,180,,,,,,,,,,C,,,AC,,,,,,,AC,,,,,,,,,,,
000014647,Tal Katz,Screener,Inactive,54.00,80,180,,C,,,,,,C,,,,,,,,,,,,AC,,,,,,,,,,,
000014654,Omer Biton,General Guard,Inactive,55.00,80,180,,,BC,,,,,,A,,,,AC,,,,,A,,,,,,,,,,AC,,C,
000014662,Maya Mizrahi,Supervisor,Inactive,56.00,80,180,,,,,,,,AC,,,,,,,,AB,,,,,,,,,,,,,,,
000014670,Roi Amar,Screener,Inactive,57.00,80,180,,,,,,,,,,,,,,,,,BC,,,AB,,,,,,BC,A,,,,
000014688,Shira Twito,General Guard,Inactive,58.00,80,180,,,C,,,,,,,,C,,,,,,,B,,,,,,,,,BC,,,,
000014696,Eitan Peretz,Supervisor,Inactive,59.00,80,180,AB,,,,,,,AB,B,,,,BC,,,,,,,,,,,,,,,C,,,
000014704,Noa Levi,Screener,Inactive,60.00,80,180,,,,,,,,AB,C,,C,,,,,,,,,,AC,,,AC,,,,AB,,,
000014712,Avi Azulay,General Guard,Inactive,61.00,80,180,,B,,,,,,,,,,,,,,,AB,C,,,,,,,C,,,,BC,,
000014720,Dana Regev,Supervisor,Inactive,62.00,80,180,,A,,,,,,,,,,,AB,,,,,,,,,,,,,,,,,,
000014738,Yossi Cohen,Screener,Inactive,63.00,80,180,,,,,,,,,,,B,BC,,,,C,,,A,,,,,,,AB,C,,,,
000014746,Tal Katz,General Guard,Inactive,64.00,80,180,,,A,,,C,,,,,,,,,,,,,,,,,,,,,,,,,A
000014753,Omer Biton,Supervisor,Inactive,65.00,80,180,,,,,,,,,,,,,,,,,,,,,,AB,AC,,AC,A,,C,,,AB
000014761,Maya Mizrahi,Screener,Inactive,66.00,80,180,,,,,,,,,,,,,AB,,,,AC,AB,AB,,,,,,C,,,,,,A
000014779,Roi Amar,General Guard,Inactive,67.00,80,180,,,,C,,,,,,,,A,,,,,,,,,,,,,,,BC,,,,
000014787,Shira Twito,Supervisor,Inactive,68.00,80,180,C,BC,,,,,,BC,,,,,,,,,,,,,,,,,,AC,,,,,
000014795,Eitan Peretz,Screener,Inactive,69.00,80,180,,AC,B,,,,,,,,,AB,,AB,,B,,,,,,,BC,,,,,,,,
000014803,Noa Levi,General Guard,Inactive,40.00,80,180,,,,,A,,,,,,A,,,,AC,,,,AB,,AB,,,BC,,,,,,,
000014811,Avi Azulay,Supervisor,Inactive,41.00,80,180,,,,,,,,,,,,,,,B,,A,,,,,,,,,,,,,,
000014829,Dana Regev,Screener,Inactive,42.00,80,180,,,,,AC,,,,,,B,,,,,,,,,,,,,,,,,B,,,
000014837,Yossi Cohen,General Guard,Inactive,43.00,80,180,,,,,,,A,,B,,,,,,,,,,,,,,,,,,,,,,B
000014845,Tal Katz,Supervisor,Inactive,44.00,80,180,,,,,,,,,,B,,,B,,,,,,,,,AB,,AB,,,B,,,,
000014852,Omer Biton,Screener,Inactive,45.00,80,180,,,,,,,,,B,,,,,,,,,,,,,,,,,,,C,,,
000014860,Maya Mizrahi,General Guard,Inactive,46.00,80,180,,,,,,,,,,,,,,,,,,AB,,,,A,,,,,,,,,
000014878,Roi Amar,Supervisor,Inactive,47.00,80,180,,,,,,,,,,,,,,,,,A,A,,,,,,,,,B,AB,,,
000014886,Shira Twito,Screener,Inactive,48.00,80,180,,,,,,AB,,,,,,,,,,,,,,,,,,,,,,,,,BC
000014894,Eitan Peretz,General Guard,Inactive,49.00,80,180,,,,,,,,,,,AC,AB,,C,,,,,,,,,,,,C,,,,,
000014902,Noa Levi,Supervisor,Inactive,50.00,80,180,,,,,,,C,,,,,,,,,,,,,,B,,,,,,,,A,,
000014910,Avi Azulay,Screener,Inactive,51.00,80,180,,,AB,,,,,,A,,,,A,BC,,,,,AB,,,,,,,,,,,,
000014928,Dana Regev,General Guard,Inactive,52.00,80,180,AB,,,,,,,,BC,,,,,,AB,,,,,,,AB,,,,,,,B,,
000014936,Yossi Cohen,Supervisor,Inactive,53.00,80,180,,,,,C,AB,,,,,AB,,,,,,,,,,,AC,,B,,,,,A,,
000014944,Tal Katz,Screener,Inactive,54.00,80,180,,,,,,,,,BC,,,,,C,,,,,,,,,,,,,,,,,
000014951,Omer Biton,General Guard,Inactive,55.00,80,180,A,,,,,,,,,,,,,,,,,,,,,,,,C,,,,,,
000014969,Maya Mizrahi,Supervisor,Inactive,56.00,80,180,A,,,,,AB,AC,,,,BC,,,,,,,,A,C,,,,,,,,,,,
000014977,Roi Amar,Screener,Inactive,57.00,80,180,,,AC,AC,,,,B,,BC,,,,,,,,,,,,,,,,,,,,,
000014985,Shira Twito,General Guard,Inactive,58.00,80,180,,,,,,,,,,AB,,BC,,AC,,,,,A,,,,,,,,BC,,,,A
000014993,Eitan Peretz,Supervisor,Inactive,59.00,80,180,,,,,,,,,,,,,,,B,,,,,AB,,,,,,AC,,,,,
000015008,Noa Levi,Screener,Inactive,60.00,80,180,B,,,,,,,A,,,,,,,,,AC,,,,B,,C,,,,,,,,
000015016,Avi Azulay,General Guard,Inactive,61.00,80,180,,,,AB,,,,,BC,A,,,,,,,B,,,,B,,,,,,,,AC,,
000015024,Dana Regev,Supervisor,Inactive,62.00,80,180,,,,,,,,,,,AC,,,,,AB,,B,,A,,,,,,,A,AB,,,
000015032,Yossi Cohen,Screener,Inactive,63.00,80,180,,,,A,,,,,,,,BC,,,BC,,,,A,,,,,,,,,AC,,B,
000015040,Tal Katz,General Guard,Inactive,64.00,80,180,C,,,,,,C,,,,,,AB,,,,,,,,,,AB,AB,,,,C,,,
000015057,Omer Biton,Supervisor,Inactive,65.00,80,180,,,,,,,,,B,,,,,,,,,,,,B,,,,,,,,,,
000015065,Maya Mizrahi,Screener,Inactive,66.00,80,180,,,AC,,,,,,,,,,,,,,,A,,AB,,,,,,,,,AC,C,
000015073,Roi Amar,General Guard,Inactive,67.00,80,180,,,,,,,BC,,,,,,,,,,AB,,,,,,,,,,A,,AC,,
000015081,Shira Twito,Supervisor,Inactive,68.00,80,180,,,,,,C,,,,,,,,C,A,,,,B,AB,,,,,,,,,,BC,
000015099,Eitan Peretz,Screener,Inactive,69.00,80,180,,,A,B,,,,,B,,,,,,,,,,,,,,,,,,,,,,C
000015107,Noa Levi,General Guard,Inactive,40.00,80,180,,,,,,,,,,,,,,,,,A,,,BC,,,,,,,,C,,,
000015115,Avi Azulay,Supervisor,Inactive,41.00,80,180,,,,,C,,,,,,,,BC,,,,,,,,,A,B,,,,AC,,,B,
000015123,Dana Regev,Screener,Inactive,42.00,80,180,,,,,,,,,,,,B,,C,,,,AC,,,,AC,,,,BC,,C,,,
000015131,Yossi Cohen,General Guard,Inactive,43.00,80,180,,,,,,,,,,,,,,,,,,,A,,,,,,,,,,,,BC
000015149,Tal Katz,Supervisor,Inactive,44.00,80,180,A,A,,,,,,,AC,,,,,,,,,,,BC,,,AB,,,,,,,,
000015156,Omer Biton,Screener,Inactive,45.00,80,180,,,,,,,,,AB,,,,,,,C,,,,,,B,,,AB,,,,,,
000015164,Maya Mizrahi,General Guard,Inactive,46.00,80,180,,,,,,,,,AC,AB,,,,,,,,,,C,BC,,B,,,,AC,,,,
000015172,Roi Amar,Supervisor,Inactive,47.00,80,180,,,,BC,,,,,,B,,,,,AB,,,,B,,,C,,,BC,,,,,,
000015180,Shira Twito,Screener,Inactive,48.00,80,180,,,,,,,,,,,,,,,,,,,,,AB,,,,,,,,,AB,
000015198,Eitan Peretz,General Guard,Inactive,49.00,80,180,,,,,,,,B,,,,,,,,,,AB,,,,,,,B,B,AC,,AC,,
000015206,Noa Levi,Supervisor,Inactive,50.00,80,180,,,,,AC,,,,,,,,,,,,,,,,,,,,AC,,,,B,,
000015214,Avi Azulay,Screener,Inactive,51.00,80,180,,,,,,,,,,,,,,,,,,,,,,,,AB,,,,,,,AB
000015222,Dana Regev,General Guard,Inactive,52.00,80,180,B,,,,,,,,,,,,,,BC,,AC,,,A,,,,,,,,,,,BC
000015230,Yossi Cohen,Supervisor,Inactive,53.00,80,180,,,,,C,,,,AB,,,,,,,,A,,,,,,BC,,,,,,,,
000015248,Tal Katz,Screener,Inactive,54.00,80,180,,,,,,,,BC,A,AC,,,,,,,,,,,AB,,,,,,,,AB,,
000015255,Omer Biton,General Guard,Inactive,55.00,80,180,AC,,,,,,,,,,,,,,,,,BC,C,,,,B,,,AC,AC,,,,
000015263,Maya Mizrahi,Supervisor,Inactive,56.00,80,180,,,,,,,,BC,,,,,AC,,,,BC,,,AC,,,,,,,,,,AB,A
000015271,Roi Amar,Screener,Inactive,57.00,80,180,C,,,,,,,,BC,,,,,,,,,,,A,,,AB,,AC,,,,,,
000015289,Shira Twito,General Guard,Inactive,58.00,80,180,BC,,,,A,A,,,,,,,,,,,,,AC,,,,,,BC,,B,,,,
000015297,Eitan Peretz,Supervisor,Inactive,59.00,80,180,,,,,,,,,B,B,,,,,,,,,BC,,,,,,,,,AC,,,
000015305,Noa Levi,Screener,Inactive,60.00,80,180,AC,,,,,,,,,,,,,,A,,,,A,,,,A,,A,,,,,,
000015313,Avi Azulay,General Guard,Inactive,61.00,80,180,,,,,,,,,,,,,,,A,,,,,,,,,,,,,,B,,
000015321,Dana Regev,Supervisor,Inactive,62.00,80,180,,,,,,,,,,,,,,,,,BC,,,,AB,,,,,,,,BC,A,
000015339,Yossi Cohen,Screener,Inactive,63.00,80,180,BC,,,,,,,,AB,,,,,,,,,,,,,,,,,,,,B,,
000015347,Tal Katz,General Guard,Inactive,64.00,80,180,C,,,,,,,,C,,B,,,,,B,,,,,,,,,,,,,,,
000015354,Omer Biton,Supervisor,Inactive,65.00,80,180,,,,B,,,,A,,,,,,AB,,,,,,,,,,,,,,,,,
000015362,Maya Mizrahi,Screener,Inactive,66.00,80,180,,,B,,,,,,,C,,,,,,A,,,,,,,,,,,,,,,
000015370,Roi Amar,General Guard,Inactive,67.00,80,180,,BC,,,,,,,,,,A,,,,,,,,,,,A,AB,,,,AB,,,
000015388,Shira Twito,Supervisor,Inactive,68.00,80,180,,,,,,,,,,,,,,B,,BC,,,,,,BC,,,,BC,,,,,
000015396,Eitan Peretz,Screener,Inactive,69.00,80,180,,,B,,,,AC,,,,AB,,,,,,,AB,,,,B,,,,,,,AB,,
000015404,Noa Levi,General Guard,Inactive,40.00,80,180,,A,,,,,,,,,,,,,,,B,,,,,,,,,B,,,,,
000015412,Avi Azulay,Supervisor,Inactive,41.00,80,180,,,,,,,,,,,,A,AC,,,,,,,,,,BC,,AB,,,,,,B
000015420,Dana Regev,Screener,Inactive,42.00,80,180,,AB,,,,,,,C,,,C,,,,AC,,,,,,,BC,,,,,,,,
000015438,Yossi Cohen,General Guard,Inactive,43.00,80,180,,,BC,,,,,B,,,C,,,,,BC,,,C,,,,,,,,,,A,,
000015446,Tal Katz,Supervisor,Inactive,44.00,80,180,,,,,,,,,,,,,,,,,,,,,C,,A,,,,,,,,
000015453,Omer Biton,Screener,Inactive,45.00,80,180,,,,,,,,,A,,,B,,C,,,BC,,,,,,,,AB,,,,,A,
000015461,Maya Mizrahi,General Guard,Inactive,46.00,80,180,,,,,,,,,B,,AC,,,A,,,A,,,,,,,,,,,,,,A
000015479,Roi Amar,Supervisor,Inactive,47.00,80,180,,,,,B,,,AC,,,,,B,,,,AC,AC,,,,,,B,,,,,,,
000015487,Shira Twito,Screener,Inactive,48.00,80,180,,,,AB,BC,,,,,,,,AB,,,,,,,,B,,,,,,BC,,,,
000015495,Eitan Peretz,General Guard,Inactive,49.00,80,180,,,,AB,B,,AC,,,,,,,,,,,AB,,,,,AC,,C,,,,,,
000015503,Noa Levi,Supervisor,Inactive,50.00,80,180,,,,,,,,,,,,,,,AB,,,,,,,,,,,,,,B,,
000015511,Avi Azulay,Screener,Inactive,51.00,80,180,,,A,,,,,A,,AC,,,,C,,,,,,,,,,B,,,,,,,
000015529,Dana Regev,General Guard,Inactive,52.00,80,180,,,C,,,AB,,,B,,,,,,BC,,,,,,,,,AC,,,,,AC,,
000015537,Yossi Cohen,Supervisor,Inactive,53.00,80,180,,,,,AC,,,,,BC,,,,,,,,BC,,,,,,,,,,,,,
000015545,Tal Katz,Screener,Inactive,54.00,80,180,,,,,,,,,,,,,,,,,,AB,,,,,,,,AB,,,,,
000015552,Omer Biton,General Guard,Inactive,55.00,80,180,,,,,B,,,,,,,,,,,,,,A,,,,,,,,,,C,,A
000015560,Maya Mizrahi,Supervisor,Inactive,56.00,80,180,,,,,,,,,,,,,A,,,,,,,,,,,,B,,A,,,,
000015578,Roi Amar,Screener,Inactive,57.00,80,180,,BC,,,,,,,,,AB,A,,,,,AB,,,C,A,,,,,,,,,,
000015586,Shira Twito,General Guard,Inactive,58.00,80,180,,,AB,,,,,BC,,,BC,C,,,,,,,,AB,,,,,,,,,C,,
000015594,Eitan Peretz,Supervisor,Inactive,59.00,80,180,,,,,,,A,,,,,,,B,,,,,,,,,,,,A,,,,A,
000015602,Noa Levi,Screener,Inactive,60.00,80,180,,,,,,,,,,,B,,,,,,,,,,,,,,,,AB,,,,
000015610,Avi Azulay,General Guard,Inactive,61.00,80,180,,,,,,,,,,,,,,B,,,,C,,,,,,,,,,,,,
000015628,Dana Regev,Supervisor,Inactive,62.00,80,180,,,C,C,,,AC,,,,,,,,C,,,,,,,,,,,AC,,,,,
000015636,Yossi Cohen,Screener,Inactive,63.00,80,180,,,,,AB,,,,,,,,,,,,,,,,,,,,,,,B,,,
000015644,Tal Katz,General Guard,Inactive,64.00,80,180,,,,,,,BC,,,,,,,BC,,,,,,,,,,,,,,,,,
000015651,Omer Biton,Supervisor,Inactive,65.00,80,180,,,,,,,,,,,,BC,,,,,BC,,B,,,,,C,,,,,,,
000015669,Maya Mizrahi,Screener,Inactive,66.00,80,180,,,,,C,,,,,AB,,,,,,AC,,AB,,AB,,,,,,,,A,,,
000015677,Roi Amar,General Guard,Inactive,67.00,80,180,,,,,,,,,AC,,,,,,,,,,,,,,B,,,,B,,,,
000015685,Shira Twito,Supervisor,Inactive,68.00,80,180,,,,,,,,,,,A,,,AC,,,,C,,,,,C,,,BC,,,,,
000015693,Eitan Peretz,Screener,Inactive,69.00,80,180,C,,,,,,,,,,,,,,,,,,,,,,,A,,,,AB,,,
000015701,Noa Levi,General Guard,Inactive,40.00,80,180,B,AC,,,,,,,,B,,,,B,,A,,AC,,,,,,,,,,,,,
000015719,Avi Azulay,Supervisor,Inactive,41.00,80,180,,B,,,BC,,C,,AB,,,,BC,,,,AB,,,,,,,,,,,,,,
000015727,Dana Regev,Screener,Inactive,42.00,80,180,,,,,,,,,,,,,,AC,AC,,,,AC,,,,,,,,,,,,
000015735,Yossi Cohen,General Guard,Inactive,43.00,80,180,,,,,,AC,,,,,,,,,,,,,,,,,,,,,A,,,,
000015743,Tal Katz,Supervisor,Inactive,44.00,80,180,,BC,,C,,,,,,,,,,,,,,,B,,,BC,,,,,AC,,,,
000015750,Omer Biton,Screener,Inactive,45.00,80,180,,,,,,,,,,,,A,,,AC,B,,,,,,,,,,B,,,AC,,
000015768,Maya Mizrahi,General Guard,Inactive,46.00,80,180,,,B,,,,,,BC,C,,C,,,,,,,,,,,,,,,,,,,AC
000015776,Roi Amar,Supervisor,Inactive,47.00,80,180,,C,,,BC,B,,,,,,,,,,,,,,,,,A,,,AB,,,,,
000015784,Shira Twito,Screener,Inactive,48.00,80,180,,AC,,,,,,,,,A,,,,,,,,,,,,,,,,,,,AB,
000015792,Eitan Peretz,General Guard,Inactive,49.00,80,180,,,,,AC,,C,,,,,,,,,BC,,,,,,,BC,B,,,,,,,
000015800,Noa Levi,Supervisor,Inactive,50.00,80,180,,,,,,,,,,,,,,BC,,,,B,,A,,,,,,,,,,,
000015818,Avi Azulay,Screener,Inactive,51.00,80,180,,,,,,,,,,,,,,,,A,,,,,,,,,AC,,C,,,,
000015826,Dana Regev,General Guard,Inactive,52.00,80,180,C,,,,,,,,,B,,,,AB,,AB,,,,,,,,,,,,,,,
000015834,Yossi Cohen,Supervisor,Inactive,53.00,80,180,,,,,,AC,,,,AB,,,,,,,,,,BC,,,,,,,,,,,
000015842,Tal Katz,Screener,Inactive,54.00,80,180,,,,,,,,,,AC,AC,,,,,,,,,AB,,,,,,,,,,BC,
000015859,Omer Biton,General Guard,Inactive,55.00,80,180,,,,,,,,,B,AB,,,,A,,,,,,,,,,A,,,BC,B,,,
000015867,Maya Mizrahi,Supervisor,Inactive,56.00,80,180,BC,,,,,AB,,,,,,,,,AC,AC,,,,,,,AC,,,B,,,,,
000015875,Roi Amar,Screener,Inactive,57.00,80,180,,,,,A,,,,,,,C,,,AB,,,,,,,,,,,,,,,,
000015883,Shira Twito,General Guard,Inactive,58.00,80,180,,,,,,B,,C,AB,,,,BC,,,,,,,,B,,,,,,,,,,
000015891,Eitan Peretz,Supervisor,Inactive,59.00,80,180,,,,,,,,,,,B,,,AC,,,,,A,,,,,,AB,,,,,,
000015909,Noa Levi,Screener,Inactive,60.00,80,180,,,,,,,,,,,,,,,BC,,,,,AB,,,,BC,,,,,,,
000015917,Avi Azulay,General Guard,Inactive,61.00,80,180,,,,,,,,AB,,AB,,,,,,,,,,,,,,,,,,,,,
000015925,Dana Regev,Supervisor,Inactive,62.00,80,180,,,B,,,,,,,,,,,,,BC,AC,,,,,,,,,,,,,,
000015933,Yossi Cohen,Screener,Inactive,63.00,80,180,,,,,,AB,,,,,,,,,,C,,,,,,A,,,,A,,,,,
000015941,Tal Katz,General Guard,Inactive,64.00,80,180,,,AB,,B,,,A,,,,,,,,,,,,,AC,,,,BC,,,,,BC,
000015958,Omer Biton,Supervisor,Inactive,65.00,80,180,B,BC,,,,,,,AB,,,,,,,,,,AC,,,,,,,AC,,,,,
000015966,Maya Mizrahi,Screener,Inactive,66.00,80,180,,B,,,,,,,,,,,,,,BC,BC,,B,,,AB,,,,,,,,,
000015974,Roi Amar,General Guard,Inactive,67.00,80,180,,,,,,,C,,,,,,,,,,,,,,,,A,,,,,,,A,
000015982,Shira Twito,Supervisor,Inactive,68.00,80,180,,,,,,,,,,,A,,,AB,,,,,,A,,,,,B,,,,,,BC
000015990,Eitan Peretz,Screener,Inactive,69.00,80,180,AB,,,,,AC,,,,A,,,,,,,C,,,,,,,,,,,,AC,,
000016006,Noa Levi,General Guard,Inactive,40.00,80,180,C,,,,,,,,,,,,,,AC,,,,AB,,,,,,,,,,,,
000016014,Avi Azulay,Supervisor,Inactive,41.00,80,180,,BC,,,,,,,,,,,,,,,,,,,,,,BC,,,AC,,,,
000016022,Dana Regev,Screener,Inactive,42.00,80,180,,C,,,,,,BC,,,,BC,,,,,,,,,,,,,AB,,BC,AC,,,
000016030,Yossi Cohen,General Guard,Inactive,43.00,80,180,,,,,,,,,,,,,,,,AC,,,,AB,,,BC,,,,,,,,
000016048,Tal Katz,Supervisor,Inactive,44.00,80,180,,,,B,,,B,,,C,,,,,,,,,,,,,,,,,,A,,,
000016055,Omer Biton,Screener,Inactive,45.00,80,180,,,B,,,,C,,,,,,,,,,,,,,,,,C,,,A,,,AB,
000016063,Maya Mizrahi,General Guard,Inactive,46.00,80,180,,,,,,,,,,AB,,,,B,,,,,,,,,,,,,,,AB,,
000016071,Roi Amar,Supervisor,Inactive,47.00,80,180,,,,,,,,,,,,AB,,,,,,,,,AB,C,,,,,,,AB,B,
000016089,Shira Twito,Screener,Inactive,48.00,80,180,,,B,,B,,,,,,,,,,,,,,AB,A,,,,,,,,,,,
000016097,Eitan Peretz,General Guard,Inactive,49.00,80,180,C,C,,,,,,,,,,,,,,,,,,,,,,,,,,,,,
000016105,Noa Levi,Supervisor,Inactive,50.00,80,180,BC,,,,,,,,C,,,,,,,,,,AC,B,,,,,,,,C,,,
000016113,Avi Azulay,Screener,Inactive,51.00,80,180,,,,,,,,,,,,,,,,,,C,,,,A,,,,,,,B,,BC
000016121,Dana Regev,General Guard,Inactive,52.00,80,180,,,,,,,,,,,,C,,,,,,,,,,,,,,,,,AC,,
000016139,Yossi Cohen,Supervisor,Inactive,53.00,80,180,,,A,,,,A,,,B,,,,,,,,,,,,,,,,,,,,,
000016147,Tal Katz,Screener,Inactive,54.00,80,180,,C,A,,,,,,B,,,,AC,,,,,,,,C,,,,,,,,,BC,
000016154,Omer Biton,General Guard,Inactive,55.00,80,180,,,,,,,,,,C,AB,,,AB,,,,,,,,,,,,BC,AC,,,,
000016162,Maya Mizrahi,Supervisor,Inactive,56.00,80,180,,,,,,,,,,,,,,,,,,,A,,,,AC,,,,AB,,,,
000016170,Roi Amar,Screener,Inactive,57.00,80,180,,,AB,,B,,,,,,,,C,,,,,,,,,,,,,,,,,,
000016188,Shira Twito,General Guard,Inactive,58.00,80,180,,,,,,,C,,,BC,AC,,,A,,,,,C,,,,,,,,A,,,,
000016196,Eitan Peretz,Supervisor,Inactive,59.00,80,180,,,,,,,,,BC,BC,,A,,,,BC,,,,,,,,B,,,,,AC,,
000016204,Noa Levi,Screener,Inactive,60.00,80,180,,,,,,,,,,B,,,,,,,,,,B,,,,,,,,,,,
000016212,Avi Azulay,General Guard,Inactive,61.00,80,180,,,,,,,,,,,,,,B,,,,,,,,,AB,,,,,,,,
000016220,Dana Regev,Supervisor,Inactive,62.00,80,180,BC,,,,,,,,A,,,,,,,BC,,,,,,,,,,,,,,,
000016238,Yossi Cohen,Screener,Inactive,63.00,80,180,AC,AB,,,,,,,,BC,,,,,,,,AB,,,,,,,,,,,,,B
000016246,Tal Katz,General Guard,Inactive,64.00,80,180,,,,,,,,,,,,,,,,,,,,,,AC,,,,,,,C,,
000016253,Omer Biton,Supervisor,Inactive,65.00,80,180,,,BC,,,,,BC,,,,,,,,,,,,,,,,,B,,,,,,
000016261,Maya Mizrahi,Screener,Inactive,66.00,80,180,,,,,,,,,,,,,B,,,,,,,B,,,,,,,,,,,
000016279,Roi Amar,General Guard,Inactive,67.00,80,180,,,,,AB,,,,,,,,,,,,,,,,,,,,A,,A,,,,
000016287,Shira Twito,Supervisor,Inactive,68.00,80,180,,,,,,,,,,,,,,,,AB,,,,,A,,,B,,,,,,,
000016295,Eitan Peretz,Screener,Inactive,69.00,80,180,,,,A,,,,AB,,,,,,,,,B,B,,,,,,,,,,,,,
000016303,Noa Levi,General Guard,Inactive,40.00,80,180,,,,,,,,,,,,,,,,,,,,,,,B,C,BC,,,C,,,AC
000016311,Avi Azulay,Supervisor,Inactive,41.00,80,180,B,,,,,,,,,,,,,,AB,,,,,AB,,,,,BC,,,,AC,,
000016329,Dana Regev,Screener,Inactive,42.00,80,180,,,,,,,,,,A,,BC,,,B,,,,,,,,,,,,,,,,C
000016337,Yossi Cohen,General Guard,Inactive,43.00,80,180,,,,,,,,,,,,,,AC,,,,,,,,,,,,B,,,,,
000016345,Tal Katz,Supervisor,Inactive,44.00,80,180,,AB,,,,,,,,BC,BC,,,,,,,,,,,,A,,,,,,,AC,
000016352,Omer Biton,Screener,Inactive,45.00,80,180,,,,AC,,,,,,,,,,,,BC,,,,,,,A,,,AC,,,,,
000016360,Maya Mizrahi,General Guard,Inactive,46.00,80,180,,,C,,,,,,,,,,,A,,,,,,,,,,,,,,,,,
000016378,Roi Amar,Supervisor,Inactive,47.00,80,180,,,,,,C,AB,,BC,,,,,,,,,,,,,,AC,,,,,,,,
000016386,Shira Twito,Screener,Inactive,48.00,80,180,A,,,,,,,,,,,,AB,,,,,,,,,,,,,,,B,,AC,
000016394,Eitan Peretz,General Guard,Inactive,49.00,80,180,,,,,,B,,,,,,,,C,,,,,,,,,,,,BC,B,B,,,
000016402,Noa Levi,Supervisor,Inactive,50.00,80,180,,,,,,BC,,,,A,,,,,,,BC,,,,,,AB,,,,,,,,
000016410,Avi Azulay,Screener,Inactive,51.00,80,180,,,,,B,,,,,,,,A,,,,,AC,,,,,,,,,,BC,,BC,
000016428,Dana Regev,General Guard,Inactive,52.00,80,180,AC,,,A,,,,,,,B,,,,,,BC,,C,,,,,,,,,,,,
000016436,Yossi Cohen,Supervisor,Inactive,53.00,80,180,C,,,,,,AC,,,,,,,,,,,,,,,,,,,,,,,,
000016444,Tal Katz,Screener,Inactive,54.00,80,180,A,,,A,,,,,,,,,,AB,,,,,,,BC,,,,C,,,,,,
000016451,Omer Biton,General Guard,Inactive,55.00,80,180,,,A,,AB,,,,BC,,,A,,A,,,,,,,,,B,,,,,,,,
000016469,Maya Mizrahi,Supervisor,Inactive,56.00,80,180,C,,,,,,,,,,,,,,,B,AB,,,,A,,,,,,,,,,
000016477,Roi Amar,Screener,Inactive,57.00,80,180,,,,,AB,,,,,,,C,,,,,,,,,,,,,BC,,,,B,,
000016485,Shira Twito,General Guard,Inactive,58.00,80,180,,,,,,A,,,,,,,AC,,A,,,,,,,,,,,,,,,,
000016493,Eitan Peretz,Supervisor,Inactive,59.00,80,180,,,AC,,,,,A,,B,,,,,,,,,,,,,,,,,,,,B,
000016501,Noa Levi,Screener,Inactive,60.00,80,180,,,,,,,,,,,,,,,,,,,B,,,,,,,BC,,,,,
000016519,Avi Azulay,General Guard,Inactive,61.00,80,180,,,,C,BC,A,B,,,B,,,,,,,,,,,,,,,,,,AB,,,
000016527,Dana Regev,Supervisor,Inactive,62.00,80,180,,,,,,,,,,,,,,,AB,A,,,,,,,AB,,,,,,,,
000016535,Yossi Cohen,Screener,Inactive,63.00,80,180,,,,,,,,C,BC,,,,,,,,B,,,,,,,,,,,,B,,BC
000016543,Tal Katz,General Guard,Inactive,64.00,80,180,,B,,,,A,,A,,,,,,,,AB,,,,,,,,,,,,,,,
000016550,Omer Biton,Supervisor,Inactive,65.00,80,180,A,,,,,,,,,BC,,,A,,,,,,,,,AC,,,,,AC,,,AB,
000016568,Maya Mizrahi,Screener,Inactive,66.00,80,180,,AC,,B,,,,,AB,,,,,,,,,,,,,,AC,,,,,,,,
000016576,Roi Amar,General Guard,Inactive,67.00,80,180,,,,,,,,,,A,,,,,AB,,,,,,,BC,,,,,C,,,,
000016584,Shira Twito,Supervisor,Inactive,68.00,80,180,,,,,,,,,,,,,,AC,,,,,C,BC,,,,B,AC,,,,,,
000016592,Eitan Peretz,Screener,Inactive,69.00,80,180,,,,,,,,,,,B,,,,,A,,,,,,,,B,,,,,,,
000016600,Noa Levi,General Guard,Inactive,40.00,80,180,,,AB,,,,,,,,AB,,,,,,,,,,,,,,,,,,,,
000016618,Avi Azulay,Supervisor,Inactive,41.00,80,180,AB,,,,,,,BC,,,,,,,,,,,,,,,,,,,,AC,,,B
000016626,Dana Regev,Screener,Inactive,42.00,80,180,,,,,,C,,B,,,,,,,,,,,,,,AB,,AC,,,,,,,
000016634,Yossi Cohen,General Guard,Inactive,43.00,80,180,,,,,,,,,,,,A,,,,,,,,,,,,,,,,AC,,,
000016642,Tal Katz,Supervisor,Inactive,44.00,80,180,,BC,B,,,,,,,,BC,,,,,,B,,,,,AC,,AC,,,,,,,
000016659,Omer Biton,Screener,Inactive,45.00,80,180,,,,,,,,,,,,,,,,,,C,,AC,,,,,,,,,BC,BC,
000016667,Maya Mizrahi,General Guard,Inactive,46.00,80,180,,,,,,,,,,,,,,,,,,,,,AB,,,,,,,,BC,,
000016675,Roi Amar,Supervisor,Inactive,47.00,80,180,BC,A,,C,,,,,,,,,,,,,,,,,,,,,,,,,,,
000016683,Shira Twito,Screener,Inactive,48.00,80,180,,,A,,,,,,,,,,,,,,AB,,,,,,,,,,,C,,BC,
000016691,Eitan Peretz,General Guard,Inactive,49.00,80,180,,,BC,,,,,B,,,,,AC,,,,,BC,,,,,,,,B,,,AB,,
000016709,Noa Levi,Supervisor,Inactive,50.00,80,180,AC,,,,B,B,,,,,,,,,,,,,,,,B,,,AB,,,,,,
000016717,Avi Azulay,Screener,Inactive,51.00,80,180,,,,,,B,,,,,,,,C,C,AB,,C,,,,,,A,,,,,,,
000016725,Dana Regev,General Guard,Inactive,52.00,80,180,,,BC,,,,,,,B,,,,,,,,,,,,,,,,,,C,,,
000016733,Yossi Cohen,Supervisor,Inactive,53.00,80,180,,,,,,,,,AB,,,,A,,BC,,,,,,,,,,,B,AC,A,,,
000016741,Tal Katz,Screener,Inactive,54.00,80,180,,,,C,,,AC,,,,,,,,,,,,,,,,,,,,,,,,
000016758,Omer Biton,General Guard,Inactive,55.00,80,180,,AC,,,,,,A,,,,,BC,A,,,,,,,,,,,,,BC,,,,
000016766,Maya Mizrahi,Supervisor,Inactive,56.00,80,180,,,A,,C,,,,,,,,,,,,,,,,,,,,,AB,,,BC,,
000016774,Roi Amar,Screener,Inactive,57.00,80,180,,,,,AC,,A,,,,,,,,,AC,,,,,,,,,,,,,,,
000016782,Shira Twito,General Guard,Inactive,58.00,80,180,,,,,,,A,,,,,,,,C,,,,,,B,,,,,,,,,,
000016790,Eitan Peretz,Supervisor,Inactive,59.00,80,180,,,,,,A,,,,,,,,,C,,,,,,,,,,A,,,,,,
000016808,Noa Levi,Screener,Inactive,60.00,80,180,AB,,,,,,AB,,,,,,,,A,,,,AB,,,,AB,,,,,A,,,
000016816,Avi Azulay,General Guard,Inactive,61.00,80,180,,,B,,,,B,,,,AC,,,,,BC,,,,,,,,,,,,,,,
000016824,Dana Regev,Supervisor,Inactive,62.00,80,180,,,,,,,,AC,A,,,,,AB,,,,,,,,,,,A,,,A,AB,,
000016832,Yossi Cohen,Screener,Inactive,63.00,80,180,,,,,,,,,A,,C,,,,,,C,B,,,,,,,,,,,,,
000016840,Tal Katz,General Guard,Inactive,64.00,80,180,,,AC,,,,,A,,,,,,,,,,,,,,,,,,B,,,B,,
000016857,Omer Biton,Supervisor,Inactive,65.00,80,180,,,C,,,,,,,,A,,,,,B,,,,,,,,,,,,,,,
000016865,Maya Mizrahi,Screener,Inactive,66.00,80,180,,C,,,,,,,,,,,B,,,,,,AB,A,,,,C,,,,,,,
000016873,Roi Amar,General Guard,Inactive,67.00,80,180,,,,,,,,,,BC,,,,,,C,,,,,,,,,,,,,,AB,
000016881,Shira Twito,Supervisor,Inactive,68.00,80,180,,A,,,,,,,,,,,,,,,BC,,,,AB,,,,AC,,,,,,AC
000016899,Eitan Peretz,Screener,Inactive,69.00,80,180,,,,,,,,,,,,,,A,,,,,,,,C,,AC,,,,,,,
000016907,Noa Levi,General Guard,Inactive,40.00,80,180,,AC,,,,,,,,C,,,,,,,,A,AC,,B,C,,,,,,,,,
000016915,Avi Azulay,Supervisor,Inactive,41.00,80,180,,,,,,,,,,AC,,,A,,,,,,,,,BC,,,C,,,,,,
000016923,Dana Regev,Screener,Inactive,42.00,80,180,,,AC,,,,,,BC,,,,AB,,,,,,,,,,,,,,,,,,
000016931,Yossi Cohen,General Guard,Inactive,43.00,80,180,C,,,,,,,,A,,,,,,,AC,,,,,,,,,BC,,,,,,
000016949,Tal Katz,Supervisor,Inactive,44.00,80,180,,,,,,,,,,,,,,,,,,AB,,,,,,,,,,,,,B
000016956,Omer Biton,Screener,Inactive,45.00,80,180,,,B,,,,,,,,C,B,,,,,,,,,BC,,,,,,,,,,
000016964,Maya Mizrahi,General Guard,Inactive,46.00,80,180,,,AC,,,,,,,,,,,,,,,,,,,,,,,,,,BC,,
000016972,Roi Amar,Supervisor,Inactive,47.00,80,180,,,,,,,,,,,,AB,,,,,,,C,,BC,,,A,,,,C,AB,,
000016980,Shira Twito,Screener,Inactive,48.00,80,180,,,,,B,,,,,,,,,,C,,,,,,AC,,,,,,,,,,
000016998,Eitan Peretz,General Guard,Inactive,49.00,80,180,,,,A,,,,AB,,,,,,A,,,C,,,,,,,,,,BC,,,,
000017004,Noa Levi,Supervisor,Inactive,50.00,80,180,,,,,,,,,,,,,,,,,,,,A,,,AB,,,,,,,,
000017012,Avi Azulay,Screener,Inactive,51.00,80,180,,B,B,,,,,,,,,,,,,,,,,,,,,,,,B,,,,BC
000017020,Dana Regev,General Guard,Inactive,52.00,80,180,,,,,,,,,,,,,,A,,BC,,,,,,,,,,,,,,,
000017038,Yossi Cohen,Supervisor,Inactive,53.00,80,180,,,,,B,,,,,,,,,,,,,,,,,,,B,,,,,,,
000017046,Tal Katz,Screener,Inactive,54.00,80,180,,,,,C,,,,,C,A,,,,,,,,,,,,,,,,,,,,
000017053,Omer Biton,General Guard,Inactive,55.00,80,180,,,,,,,,C,,,,,,,,,A,,B,,,,,,,,,,,,
000017061,Maya Mizrahi,Supervisor,Inactive,56.00,80,180,,,,,,,,,A,B,,,,,,,,,,,,,C,,,,,,B,C,
000017079,Roi Amar,Screener,Inactive,57.00,80,180,,,,,,,,,,,,,,,,AC,,,AB,,,,,,,,A,,,,
000017087,Shira Twito,General Guard,Inactive,58.00,80,180,BC,B,,,BC,,,,,,,,,,,,,,,,,,,,,,,,,,
000017095,Eitan Peretz,Supervisor,Inactive,59.00,80,180,,,,,,,AC,,,,,,,,,,,,,,,,,,,,,BC,,,
000017103,Noa Levi,Screener,Inactive,60.00,80,180,,,,,,,C,,,,,,,,,,,,,,,,B,,,,,,,,AB
000017111,Avi Azulay,General Guard,Inactive,61.00,80,180,AB,,,,,,,,,,,,A,,,,,,,,,,,,,,,,,,
000017129,Dana Regev,Supervisor,Inactive,62.00,80,180,,,A,,,,,,AB,,,,AC,,,,,,,,BC,,BC,,,,A,,,,
000017137,Yossi Cohen,Screener,Inactive,63.00,80,180,,,,,,,,,B,,,,,C,,,B,,,,,,,AB,,,,,,,C
000017145,Tal Katz,General Guard,Inactive,64.00,80,180,,,,,,AB,,B,,,,,,,,,C,,,,,,,,AB,BC,,,,,B
000017152,Omer Biton,Supervisor,Inactive,65.00,80,180,,,AC,,,,,,,,,,,,,,,,,A,C,,,,,,,,,,B
000017160,Maya Mizrahi,Screener,Inactive,66.00,80,180,A,,AC,,,BC,,AB,,BC,,,,,,,,,,,,,,,,,,,,AB,
000017178,Roi Amar,General Guard,Inactive,67.00,80,180,,,,,,,,,,,B,,,,,C,,C,,,,,,,,,,,AB,,
000017186,Shira Twito,Supervisor,Inactive,68.00,80,180,,,,,,,,,,,B,,,,,,,,AC,,,,,,,,A,,,,
000017194,Eitan Peretz,Screener,Inactive,69.00,80,180,,,,C,,,,,,,,,,B,AB,,,,,,,AC,,AB,,,AB,,,,
000017202,Noa Levi,General Guard,Inactive,40.00,80,180,,,,,,B,AC,,,,AB,A,,,,AB,,,,,,,,,,,,,,AC,
000017210,Avi Azulay,Supervisor,Inactive,41.00,80,180,,,,,,B,,,,,,,,,,,,,,A,,,,,,B,,,,A,
000017228,Dana Regev,Screener,Inactive,42.00,80,180,BC,,,,,,,,,,,,,,,,,,,,A,,,,,,,A,,,
000017236,Yossi Cohen,General Guard,Inactive,43.00,80,180,,,,B,,C,AC,,,,,,,,,,,AB,,AC,,A,,,,,,,,,
000017244,Tal Katz,Supervisor,Inactive,44.00,80,180,B,,A,,,,,,BC,,,,,,,,,,,,AC,,,,,BC,,BC,,,
000017251,Omer Biton,Screener,Inactive,45.00,80,180,,,AC,,,BC,,,AB,,,,,,,,,,,C,,,,,BC,,,,,,
000017269,Maya Mizrahi,General Guard,Inactive,46.00,80,180,,A,,,,B,,,,,,,,,,BC,,,,,,,,,,,B,,,,
000017277,Roi Amar,Supervisor,Inactive,47.00,80,180,,,,,,AB,,,,,,,AC,,,,,,C,,,,,,BC,,,AB,,,
000017285,Shira Twito,Screener,Inactive,48.00,80,180,A,,,,,AB,A,,AC,,,,,,AC,,,,,,,,,,,,,,,,
000017293,Eitan Peretz,General Guard,Inactive,49.00,80,180,,AC,,,,,,A,,,,,,,,AC,,,,,,,,,,BC,,,A,,
000017301,Noa Levi,Supervisor,Inactive,50.00,80,180,,,,,,,,,,,,,,,,,,,,,,,,,,,,,AB,,AB
000017319,Avi Azulay,Screener,Inactive,51.00,80,180,,,,,,,A,,,,,,,,,,,,,,,,,,B,AB,,,,,
000017327,Dana Regev,General Guard,Inactive,52.00,80,180,,,,,,,,,,B,,,,,A,,,,A,,,BC,,,,,,,,,
000017335,Yossi Cohen,Supervisor,Inactive,53.00,80,180,,,,B,,,,,,,AB,,,,,,B,,AB,,,,,,,,,,,,
000017343,Tal Katz,Screener,Inactive,54.00,80,180,,,B,AC,,AC,,,,,,,,,,,,A,,,,,,,,,C,,,,
000017350,Omer Biton,General Guard,Inactive,55.00,80,180,,,,,B,,,,,,,,,AB,,,AB,A,,B,,,,,,,,,,A,
000017368,Maya Mizrahi,Supervisor,Inactive,56.00,80,180,B,,,,B,,,,,,AC,,,,,,,,AC,,,AB,,AB,,,,,,,
000017376,Roi Amar,Screener,Inactive,57.00,80,180,,,,,,,,,,,BC,,,,,,,,,,,,,C,BC,,,,BC,C,
000017384,Shira Twito,General Guard,Inactive,58.00,80,180,,AC,,,C,,,,,B,,,,,,,,BC,,,,,,,,,,,,,
000017392,Eitan Peretz,Supervisor,Inactive,59.00,80,180,,,,AB,,,C,,BC,,,,,,,,,,,AC,,,AC,,,,,,,,
000017400,Noa Levi,Screener,Inactive,60.00,80,180,,,,AC,,,,,,,,,BC,A,,,,,,,A,,,,,,B,,,,
000017418,Avi Azulay,General Guard,Inactive,61.00,80,180,,,,,,,AC,,,,,,,AB,,,AC,,,,,,,,,,A,,,,
000017426,Dana Regev,Supervisor,Inactive,62.00,80,180,BC,,,,,,,,,B,,,,,BC,,,,,,,C,,,,,,,,,B
000017434,Yossi Cohen,Screener,Inactive,63.00,80,180,,C,,,,,,,,,AB,,,,,B,AB,AB,,,,,,B,,,,,,,
000017442,Tal Katz,General Guard,Inactive,64.00,80,180,,,C,,,,A,,,,,,C,,,,,,,,,,,,,,,,,,
000017459,Omer Biton,Supervisor,Inactive,65.00,80,180,,,,,,AC,C,,,,,,,,,,,,,,,,C,,A,,,,,A,
000017467,Maya Mizrahi,Screener,Inactive,66.00,80,180,,,,,,,,,,,,,,,,AB,AC,,,,,,,,,,,,,,
000017475,Roi Amar,General Guard,Inactive,67.00,80,180,,,,,,,,,,,,,,,,,,,,,BC,,,A,,,BC,AC,,,
000017483,Shira Twito,Supervisor,Inactive,68.00,80,180,,,,,,,,,,,,,B,,,AC,,C,,BC,,,,,,,,,,C,
000017491,Eitan Peretz,Screener,Inactive,69.00,80,180,AB,,AB,,B,,,AB,,,,,,,,,,,,,,,,,,,,,,,
000017509,Noa Levi,General Guard,Inactive,40.00,80,180,,,C,,,,,,,,,,,,,,,,B,,,,,,,,,,,,
000017517,Avi Azulay,Supervisor,Inactive,41.00,80,180,,,,,,AC,,,,,,,A,,,,,,,,AC,,,,,,,,,,
000017525,Dana Regev,Screener,Inactive,42.00,80,180,,,,,,,,,,,,,,,,AB,,,,,,,AB,,,,,,,,C
000017533,Yossi Cohen,General Guard,Inactive,43.00,80,180,,,,,A,,,,AC,,,,,,,,,AC,,,,,,,AB,,,,,,
000017541,Tal Katz,Supervisor,Inactive,44.00,80,180,,,AC,BC,,,,,,,,,,,,B,,,,,,,,,,,,AB,,,B
000017558,Omer Biton,Screener,Inactive,45.00,80,180,,,,,,B,,,,,,,,,,BC,,,,,,,,,,,,,,,
000017566,Maya Mizrahi,General Guard,Inactive,46.00,80,180,B,,AC,,,,,,,,,,C,,A,,,,C,,,,,C,,,,,,,
000017574,Roi Amar,Supervisor,Inactive,47.00,80,180,,,,B,,,,,,,AB,,B,,,,,C,,,,,,A,,,,,,,AC
000017582,Shira Twito,Screener,Inactive,48.00,80,180,,,,,,,,,,,,,,,,BC,,,,,,,BC,,,,,,A,,C
000017590,Eitan Peretz,General Guard,Inactive,49.00,80,180,AB,,,,,,B,B,AB,,,,,,,,,,,,BC,,,,,,,,,,
000017608,Noa Levi,Supervisor,Inactive,50.00,80,180,C,,,,,,,,,,,,,,,,,,,,AC,,A,,,,,,,,
000017616,Avi Azulay,Screener,Inactive,51.00,80,180,,AC,,,,BC,,,,B,,,,,,,A,,,,,,,,B,,,,,,
000017624,Dana Regev,General Guard,Inactive,52.00,80,180,,,,,,,,,,,,B,,,,,,AC,,,,,,,,,,,C,,
000017632,Yossi Cohen,Supervisor,Inactive,53.00,80,180,,,A,A,,,,,AC,,,,,,A,,,,A,,,,,,,AB,,,,,
000017640,Tal Katz,Screener,Inactive,54.00,80,180,B,,,,,,,,C,,,,,,,AC,,,,,,,,AB,,,,,,,
000017657,Omer Biton,General Guard,Inactive,55.00,80,180,,,,,,C,,,,,A,,,,,,,,,,,,,,,,,,,,
000017665,Maya Mizrahi,Supervisor,Inactive,56.00,80,180,,,,,,,,,BC,A,,,,,,,,,,BC,,,,,A,,,,,,
000017673,Roi Amar,Screener,Inactive,57.00,80,180,,,,B,,,,,,,,,,,,,,BC,,,,BC,,,,,,,,,
000017681,Shira Twito,General Guard,Inactive,58.00,80,180,BC,,,,,,,,,AC,,BC,,,,AB,,,,,AC,,,,,,,A,,,
000017699,Eitan Peretz,Supervisor,Inactive,59.00,80,180,,,,AB,A,,,C,,,,,,,,,,,,,,,,,B,,,,,,
000017707,Noa Levi,Screener,Inactive,60.00,80,180,,,,,,,,,,AB,,,,,C,,,B,C,,C,,,A,,,,,,,
000017715,Avi Azulay,General Guard,Inactive,61.00,80,180,,,,,,,,,,,,,A,,,,,,,,,,C,,,,B,,,,
000017723,Dana Regev,Supervisor,Inactive,62.00,80,180,,,,,,,,,,,,,,A,,,,,,,,,,,A,,,,,,
000017731,Yossi Cohen,Screener,Inactive,63.00,80,180,AC,,,,,,,,,,,AB,AC,,A,,,,,,,,B,,,AB,,,,,
000017749,Tal Katz,General Guard,Inactive,64.00,80,180,,AB,,,,,AB,,,,,,,,,,,,,,,,,,,B,,,,,
000017756,Omer Biton,Supervisor,Inactive,65.00,80,180,,,,,,,A,,,,,,,,,,B,,,,,,,,,,,,,,C
000017764,Maya Mizrahi,Screener,Inactive,66.00,80,180,,,,,,AB,,,,,BC,,A,,,,,AB,,,,,,,,,,,,BC,
000017772,Roi Amar,General Guard,Inactive,67.00,80,180,,,,AB,,,,,,,,,BC,,,,BC,,,,,,,,,,,,,,
000017780,Shira Twito,Supervisor,Inactive,68.00,80,180,C,,B,,,,,,,AC,,,,,,,,,,,,,,,,,,B,AC,BC,
000017798,Eitan Peretz,Screener,Inactive,69.00,80,180,,,,,,A,,,,,,AB,A,,,,,,,,,,,,,,,,,,
000017806,Noa Levi,General Guard,Inactive,40.00,80,180,,,,AC,,,,,,,AB,,,,,,,,B,,,,,,,,,B,,,
000017814,Avi Azulay,Supervisor,Inactive,41.00,80,180,,,,,,,,,,,,,C,,,,,BC,,,,AB,,,,,,,,,
000017822,Dana Regev,Screener,Inactive,42.00,80,180,,,C,AB,,,,B,,,,,,,,,,,,,,,,,,,,,,,
000017830,Yossi Cohen,General Guard,Inactive,43.00,80,180,,,BC,,AB,,B,,A,,,AC,,,,,,,,,,,,,,,,,,,
000017848,Tal Katz,Supervisor,Inactive,44.00,80,180,,,,,,,,,,,,,,,,,,,,,,,C,,,,,,,,AB
000017855,Omer Biton,Screener,Inactive,45.00,80,180,,,,,,C,A,,,,,,,,AB,,,,,,,,,AB,,AB,,,,,
000017863,Maya Mizrahi,General Guard,Inactive,46.00,80,180,,,,AB,AC,BC,,,,,,,,,,,B,,,,,B,,,AB,,,,,,
000017871,Roi Amar,Supervisor,Inactive,47.00,80,180,,AC,,,,,,,,,,,,,,,,,,,,,,,,AC,B,,,A,
000017889,Shira Twito,Screener,Inactive,48.00,80,180,,A,,,,,,B,,,,BC,,,,,,,,,,,,,,BC,,,,,
000017897,Eitan Peretz,General Guard,Inactive,49.00,80,180,,,,,,,C,,C,,,AC,,,,,,AC,,,,,A,,,,C,,,,
000017905,Noa Levi,Supervisor,Inactive,50.00,80,180,,,,,,,,,,,AB,,,,,,,,BC,A,B,,C,,,AC,,,,,
000017913,Avi Azulay,Screener,Inactive,51.00,80,180,B,,,A,,,,,,,,AC,,,,,,,,C,,,,,,,,,,AB,B
000017921,Dana Regev,General Guard,Inactive,52.00,80,180,,,,C,,,,,,,,C,,,,A,,,AB,,,,BC,,,,,,,,B
000017939,Yossi Cohen,Supervisor,Inactive,53.00,80,180,BC,B,,,,,,,,,,,,,,,,,C,,,,,,,,C,,,,
000017947,Tal Katz,Screener,Inactive,54.00,80,180,B,,,C,,,C,,,,,,,,A,BC,,,,,,,C,,,,,,,,
000017954,Omer Biton,General Guard,Inactive,55.00,80,180,,,A,,,,,,,,,,,,,,,,,A,A,C,,,,,,,C,,A
000017962,Maya Mizrahi,Supervisor,Inactive,56.00,80,180,C,AB,,,,,,,,,,,,,,,,,,,,,,BC,A,,,,,,AB
000017970,Roi Amar,Screener,Inactive,57.00,80,180,AC,,,,,,,,,,,,,,,,,,,A,,,,,,,,,,,
000017988,Shira Twito,General Guard,Inactive,58.00,80,180,,,,AB,,,,,,,,,,,,,,,,,BC,,,,,,,,,,
000017996,Eitan Peretz,Supervisor,Inactive,59.00,80,180,AB,,,,,,,,BC,,,,,,,,,,,AB,,B,,,,,,,,B,
